NAME,SECTION,MEET,DAY,START,FINISH,NOTES
ACT370H1S,LEC 01,1,Wed,11:00,13:00,
ACT370H1S,,2,Mon,11:00,12:00,
AER201H1S,LEC 01,1,Mon,11:00,12:00,
AER201H1S,PRA 01,1,Wed,13:00,18:00,
AER201H1S,,1,Wed,13:00,18:00,
AER201H1S,,2,Fri,14:00,18:00,
AER201H1S,PRA 02,1,Tue,13:00,18:00,
AER201H1S,,1,Tue,13:00,18:00,
AER201H1S,,1,Tue,13:00,18:00,
AER201H1S,,2,Fri,14:00,18:00,
AER201H1S,PRA 03,1,Mon,13:00,18:00,
AER201H1S,,1,Mon,13:00,18:00,
AER201H1S,,1,Mon,13:00,18:00,
AER201H1S,,2,Fri,14:00,18:00,
AER302H1S,LEC 01,1,Mon,15:00,17:00,
AER302H1S,,2,Wed,10:00,11:00,
AER302H1S,TUT 01,1,Wed,11:00,12:00,
AER304H1S,PRA 01,1,Thu,10:00,11:00,
AER310H1S,LEC 01,1,Mon,12:00,14:00,
AER310H1S,,2,Tue,14:00,15:00,
AER310H1S,TUT 01,1,Tue,15:00,16:00,
AER336H1S,LEC 01,1,Thu,16:00,18:00,
AER336H1S,,2,Tue,9:00,10:00,
AER336H1S,TUT 01,1,Tue,10:00,11:00,
AER372H1S,LEC 01,1,Tue,11:00,13:00,
AER372H1S,,2,Thu,12:00,13:00,
AER372H1S,PRA 01,1,Wed,15:00,18:00,2
AER372H1S,PRA 02,1,Wed,15:00,18:00,1
AER372H1S,TUT 01,1,Thu,13:00,14:00,
AER373H1S,LEC 01,1,Mon,9:00,11:00,
AER373H1S,,2,Wed,13:00,14:00,
AER373H1S,TUT 01,1,Wed,14:00,15:00,
AER406H1S,TUT 01,1,Thu,9:00,12:00,
AER503H1S,LEC 01,1,Mon,18:00,20:00,
AER503H1S,,2,Wed,18:00,19:00,
AER503H1S,TUT 01,1,Wed,19:00,20:00,
AER510H1S,LEC 01,1,Wed,15:00,17:00,
AER510H1S,,2,Mon,14:00,15:00,
AER510H1S,TUT 01,1,Mon,15:00,16:00,
APM466H1S,LEC 01,1,Wed,9:00,12:00,
APS104H1S,LEC 01,1,Mon,12:00,13:00,
APS104H1S,,2,Tue,11:00,12:00,
APS104H1S,,3,Wed,12:00,13:00,
APS104H1S,LEC 02,1,Tue,14:00,15:00,
APS104H1S,,2,Wed,11:00,12:00,
APS104H1S,,3,Thu,11:00,12:00,
APS104H1S,LEC 03,1,Tue,14:00,15:00,
APS104H1S,,2,Wed,14:00,15:00,
APS104H1S,,3,Thu,14:00,15:00,
APS104H1S,LEC 04,1,Mon,11:00,12:00,
APS104H1S,,2,Tue,12:00,13:00,
APS104H1S,,3,Wed,11:00,12:00,
APS104H1S,PRA 01,1,Tue,18:00,20:00,
APS104H1S,PRA 02,1,Tue,18:00,20:00,
APS104H1S,PRA 03,1,Tue,18:00,20:00,
APS104H1S,PRA 04,1,Tue,18:00,20:00,
APS104H1S,PRA 05,1,Tue,18:00,20:00,
APS104H1S,PRA 06,1,Tue,18:00,20:00,
APS104H1S,PRA 07,1,Tue,18:00,20:00,
APS104H1S,PRA 08,1,Tue,18:00,20:00,
APS104H1S,PRA 09,1,Tue,18:00,20:00,
APS104H1S,PRA 10,1,Tue,18:00,20:00,
APS104H1S,PRA 11,1,Tue,18:00,20:00,
APS104H1S,PRA 12,1,Tue,18:00,20:00,
APS104H1S,TUT 01,1,Tue,17:00,18:00,
APS104H1S,TUT 02,1,Tue,17:00,18:00,
APS104H1S,TUT 03,1,Tue,17:00,18:00,
APS104H1S,TUT 04,1,Tue,17:00,18:00,
APS104H1S,TUT 05,1,Tue,17:00,18:00,
APS104H1S,TUT 06,1,Tue,17:00,18:00,
APS104H1S,TUT 07,1,Tue,11:00,12:00,
APS104H1S,TUT 08,1,Tue,11:00,12:00,
APS104H1S,TUT 09,1,Tue,11:00,12:00,
APS104H1S,TUT 10,1,Tue,11:00,12:00,
APS104H1S,TUT 11,1,Tue,11:00,12:00,
APS104H1S,TUT 12,1,Tue,11:00,12:00,
APS105H1S,LEC 01,1,Mon,9:00,10:00,
APS105H1S,,2,Wed,9:00,10:00,
APS105H1S,,3,Fri,11:00,12:00,
APS105H1S,PRA 01,1,Tue,14:00,16:00,
APS105H1S,TUT 01,1,Fri,15:00,17:00,
APS106H1S,LEC 01,1,Mon,11:00,12:00,
APS106H1S,,2,Wed,11:00,12:00,
APS106H1S,,3,Thu,11:00,12:00,
APS106H1S,LEC 02,1,Mon,10:00,11:00,
APS106H1S,,2,Tue,11:00,12:00,
APS106H1S,,3,Thu,10:00,11:00,
APS106H1S,LEC 03,1,Mon,10:00,11:00,
APS106H1S,,2,Tue,11:00,12:00,
APS106H1S,,3,Thu,10:00,11:00,
APS106H1S,LEC 04,1,Mon,9:00,10:00,
APS106H1S,,2,Wed,9:00,10:00,
APS106H1S,,3,Fri,11:00,12:00,
APS106H1S,LEC 05,1,Mon,13:00,14:00,
APS106H1S,,2,Wed,13:00,14:00,
APS106H1S,,3,Fri,13:00,14:00,
APS106H1S,PRA 01,1,Mon,14:00,16:00,
APS106H1S,,1,Mon,14:00,16:00,
APS106H1S,PRA 02,1,Mon,16:00,18:00,
APS106H1S,,1,Mon,16:00,18:00,
APS106H1S,PRA 03,1,Wed,14:00,16:00,
APS106H1S,,1,Wed,14:00,16:00,
APS106H1S,PRA 04,1,Wed,16:00,18:00,
APS106H1S,,1,Wed,16:00,18:00,
APS106H1S,PRA 05,1,Fri,14:00,16:00,
APS106H1S,,1,Fri,14:00,16:00,
APS106H1S,PRA 06,1,Fri,16:00,18:00,
APS106H1S,,1,Fri,16:00,18:00,
APS106H1S,PRA 07,1,Thu,12:00,14:00,
APS106H1S,,1,Thu,12:00,14:00,
APS106H1S,TUT 01,1,Wed,17:00,18:00,
APS106H1S,TUT 02,1,Thu,14:00,15:00,
APS106H1S,TUT 03,1,Thu,14:00,15:00,
APS106H1S,TUT 04,1,Tue,14:00,15:00,
APS106H1S,TUT 05,1,Wed,16:00,17:00,
APS106H1S,TUT 06,1,Thu,17:00,18:00,
APS106H1S,TUT 07,1,Thu,14:00,15:00,
APS106H1S,TUT 08,1,Tue,14:00,15:00,
APS106H1S,TUT 09,1,Thu,16:00,17:00,
APS111H1S,LEC 01,1,Tue,9:00,10:00,
APS111H1S,,2,Thu,9:00,10:00,
APS111H1S,TUT 01,1,Fri,12:00,14:00,
APS112H1S,LEC 01,1,Tue,9:00,10:00,
APS112H1S,,1,Tue,9:00,10:00,
APS112H1S,,1,Tue,9:00,10:00,
APS112H1S,,1,Tue,9:00,10:00,
APS112H1S,,2,Thu,9:00,10:00,
APS112H1S,,2,Thu,9:00,10:00,
APS112H1S,,2,Thu,9:00,10:00,
APS112H1S,,2,Thu,9:00,10:00,
APS112H1S,,3,Fri,9:00,10:00,
APS112H1S,,3,Fri,9:00,10:00,
APS112H1S,,3,Fri,9:00,10:00,
APS112H1S,,3,Fri,9:00,10:00,
APS112H1S,TUT 01,1,Mon,14:00,16:00,
APS112H1S,TUT 02,1,Mon,14:00,16:00,
APS112H1S,TUT 03,1,Mon,14:00,16:00,
APS112H1S,TUT 04,1,Mon,14:00,16:00,
APS112H1S,TUT 05,1,Mon,14:00,16:00,
APS112H1S,TUT 06,1,Mon,14:00,16:00,
APS112H1S,TUT 07,1,Tue,15:00,17:00,
APS112H1S,TUT 08,1,Tue,15:00,17:00,
APS112H1S,TUT 09,1,Tue,15:00,17:00,
APS112H1S,TUT 10,1,Tue,15:00,17:00,
APS112H1S,TUT 11,1,Tue,15:00,17:00,
APS112H1S,TUT 12,1,Tue,15:00,17:00,
APS112H1S,TUT 13,1,Wed,14:00,16:00,
APS112H1S,TUT 14,1,Wed,14:00,16:00,
APS112H1S,TUT 15,1,Wed,14:00,16:00,
APS112H1S,TUT 16,1,Wed,14:00,16:00,
APS112H1S,TUT 17,1,Wed,14:00,16:00,
APS112H1S,TUT 18,1,Wed,14:00,16:00,
APS112H1S,TUT 19,1,Thu,15:00,17:00,
APS112H1S,TUT 20,1,Thu,15:00,17:00,
APS112H1S,TUT 21,1,Thu,15:00,17:00,
APS112H1S,TUT 22,1,Thu,15:00,17:00,
APS112H1S,TUT 23,1,Thu,15:00,17:00,
APS112H1S,TUT 24,1,Thu,15:00,17:00,
APS112H1S,TUT 25,1,Fri,14:00,16:00,
APS112H1S,TUT 26,1,Fri,14:00,16:00,
APS112H1S,TUT 27,1,Fri,14:00,16:00,
APS112H1S,TUT 28,1,Fri,14:00,16:00,
APS112H1S,TUT 29,1,Fri,14:00,16:00,
APS112H1S,TUT 30,1,Fri,14:00,16:00,
APS113H1Y,TUT 01,1,Fri,14:00,16:00,
APS191H1S,LEC 01,1,Mon,10:00,11:00,
APS281H1S,LEC 01,1,Mon,17:00,19:00,
APS281H1S,TUT 01,1,Tue,17:00,19:00,
APS305H1S,LEC 01,1,Mon,14:00,16:00,
APS305H1S,,2,Fri,12:00,13:00,
APS305H1S,TUT 01,1,Fri,13:00,14:00,
APS322H1S,LEC 01,1,Wed,12:00,14:00,
APS322H1S,TUT 01,1,Thu,12:00,14:00,
APS432H1S,LEC 01,1,Wed,18:00,21:00,
APS432H1S,,2,Thu,18:00,20:00,
APS442H1S,LEC 01,1,Thu,12:00,15:00,
APS490Y1Y,TUT 01,1,Thu,19:00,21:00,
APS520H1S,LEC 01,1,Wed,15:00,18:00,
APS530H1S,LEC 01,1,Tue,16:00,18:00,
APS530H1S,,1,Tue,16:00,18:00,
APS530H1S,,2,Thu,16:00,18:00,
APS530H1S,,2,Thu,16:00,18:00,
BME205H1S,LEC 01,1,Tue,12:00,13:00,
BME205H1S,,1,Tue,12:00,13:00,
BME205H1S,,2,Fri,12:00,13:00,
BME205H1S,,2,Fri,12:00,13:00,
BME205H1S,LEC 02,1,Tue,10:00,11:00,
BME205H1S,,1,Tue,10:00,11:00,
BME205H1S,,2,Thu,16:00,17:00,
BME205H1S,,2,Thu,16:00,17:00,
BME205H1S,PRA 01,1,Wed,9:00,12:30,
BME205H1S,PRA 02,1,Wed,9:00,12:30,
BME205H1S,PRA 03,1,Wed,14:00,17:30,
BME205H1S,PRA 04,1,Wed,14:00,17:30,
BME205H1S,PRA 05,1,Tue,14:00,17:30,
BME205H1S,PRA 06,1,Tue,14:00,17:30,
BME205H1S,TUT 01,1,Tue,13:00,14:00,
BME205H1S,TUT 02,1,Tue,13:00,14:00,
BME205H1S,TUT 03,1,Thu,16:00,17:00,
BME205H1S,TUT 04,1,Thu,16:00,17:00,
BME205H1S,TUT 05,1,Fri,12:00,13:00,
BME205H1S,TUT 06,1,Fri,12:00,13:00,
BME205H1S,TUT 07,1,Fri,10:00,11:00,
BME205H1S,TUT 08,1,Fri,10:00,11:00,
BME346H1S,LEC 01,1,Tue,9:00,10:00,
BME346H1S,,2,Wed,9:00,10:00,
BME346H1S,PRA 01,1,Mon,13:00,17:00,
BME346H1S,PRA 02,1,Thu,13:00,17:00,
BME358H1S,LEC 01,1,Tue,10:00,11:00,
BME358H1S,,2,Wed,13:00,14:00,
BME358H1S,,3,Wed,14:00,15:00,
BME358H1S,TUT 01,1,Tue,11:00,12:00,
BME396H1S,LEC 01,1,Mon,10:00,11:00,
BME396H1S,,2,Mon,11:00,12:00,
BME396H1S,,3,Tue,15:00,16:00,
BME396H1S,PRA 01,1,Fri,9:00,12:00,
BME396H1S,PRA 02,1,Thu,17:00,20:00,
BME396H1S,TUT 01,1,Tue,16:00,17:00,
BME440H1S,LEC 01,1,Wed,16:00,18:00,
BME440H1S,,1,Wed,16:00,18:00,
BME440H1S,PRA 01,1,Fri,13:00,17:00,
BME440H1S,,1,Fri,13:00,17:00,
BME489H1S,TUT 01,1,Mon,9:00,12:00,
BME489H1S,,2,Wed,17:00,19:00,
BME510H1S,LEC 01,1,Wed,13:00,15:00,
BME510H1S,,2,Mon,13:00,15:00,
BME595H1S,LEC 01,1,Tue,15:00,17:00,
BME595H1S,PRA 01,1,Tue,9:00,12:00,2
BME595H1S,PRA 02,1,Tue,9:00,12:00,1
BME595H1S,TUT 01,1,Thu,12:00,13:00,
CHE112H1S,LEC 01,1,Mon,11:00,12:00,
CHE112H1S,,2,Wed,11:00,12:00,
CHE112H1S,,3,Thu,11:00,12:00,
CHE112H1S,TUT 01,1,Mon,16:00,18:00,
CHE113H1S,LEC 01,1,Tue,10:00,11:00,
CHE113H1S,,1,Tue,10:00,11:00,
CHE113H1S,,2,Wed,10:00,11:00,
CHE113H1S,,2,Wed,10:00,11:00,
CHE113H1S,,3,Fri,10:00,11:00,
CHE113H1S,,3,Fri,10:00,11:00,
CHE113H1S,PRA 01,1,Mon,14:00,17:00,
CHE113H1S,PRA 02,1,Fri,14:00,17:00,
CHE113H1S,PRA 03,1,Wed,14:00,17:00,
CHE113H1S,TUT 01,1,Tue,15:00,17:00,
CHE113H1S,TUT 02,1,Tue,15:00,17:00,
CHE204H1Y,LEC 01,1,Wed,10:00,11:00,
CHE204H1Y,,2,Wed,12:00,13:00,
CHE204H1Y,PRA 01,1,Wed,11:00,14:00,
CHE204H1Y,,1,Wed,11:00,14:00,
CHE204H1Y,,2,Wed,15:00,18:00,
CHE204H1Y,,2,Wed,15:00,18:00,
CHE204H1Y,PRA 02,1,Thu,11:00,14:00,
CHE204H1Y,,1,Thu,11:00,14:00,
CHE204H1Y,,2,Thu,15:00,18:00,
CHE204H1Y,,2,Thu,15:00,18:00,
CHE210H1S,LEC 01,1,Fri,14:00,15:00,
CHE210H1S,,2,Tue,13:00,14:00,
CHE210H1S,,3,Mon,10:00,11:00,
CHE210H1S,TUT 01,1,Mon,11:00,13:00,
CHE210H1S,TUT 02,1,Mon,11:00,13:00,
CHE210H1S,TUT 03,1,Mon,11:00,13:00,
CHE213H1S,LEC 01,1,Tue,9:00,10:00,
CHE213H1S,,2,Mon,9:00,10:00,
CHE213H1S,,3,Fri,10:00,11:00,
CHE213H1S,TUT 01,1,Fri,11:00,12:00,
CHE213H1S,TUT 02,1,Fri,11:00,12:00,
CHE222H1S,LEC 01,1,Tue,10:00,11:00,
CHE222H1S,,2,Mon,14:00,16:00,
CHE222H1S,TUT 01,1,Wed,15:00,16:00,
CHE222H1S,,2,Tue,11:00,12:00,
CHE222H1S,TUT 02,1,Thu,14:00,15:00,
CHE222H1S,,2,Tue,11:00,12:00,
CHE223H1S,LEC 01,1,Tue,15:00,17:00,
CHE223H1S,,2,Fri,13:00,14:00,
CHE223H1S,TUT 01,1,Thu,15:00,16:00,
CHE223H1S,TUT 02,1,Wed,13:00,14:00,
CHE230H1S,LEC 01,1,Tue,14:00,15:00,
CHE230H1S,,1,Tue,14:00,15:00,
CHE230H1S,,2,Wed,9:00,10:00,
CHE230H1S,,2,Wed,9:00,10:00,
CHE230H1S,,3,Thu,9:00,10:00,
CHE230H1S,,3,Thu,9:00,10:00,
CHE230H1S,TUT 01,1,Thu,10:00,12:00,
CHE230H1S,,1,Thu,10:00,12:00,
CHE230H1S,TUT 02,1,Wed,10:00,12:00,
CHE297Y1Y,LEC 01,1,Fri,18:00,19:00,
CHE297Y1Y,,1,Fri,18:00,19:00,
CHE311H1S,LEC 01,1,Thu,16:00,18:00,
CHE311H1S,,2,Fri,14:00,15:00,
CHE311H1S,PRA 01,1,Tue,9:00,16:00,
CHE311H1S,,1,Tue,9:00,16:00,
CHE311H1S,,2,Thu,9:00,16:00,
CHE311H1S,,2,Thu,9:00,16:00,
CHE311H1S,PRA 02,1,Tue,9:00,16:00,
CHE311H1S,,1,Tue,9:00,16:00,
CHE311H1S,,2,Thu,9:00,16:00,
CHE311H1S,,2,Thu,9:00,16:00,
CHE311H1S,PRA 03,1,Tue,9:00,16:00,
CHE311H1S,,1,Tue,9:00,16:00,
CHE311H1S,,2,Thu,9:00,16:00,
CHE311H1S,,2,Thu,9:00,16:00,
CHE311H1S,TUT 01,1,Mon,15:00,17:00,
CHE311H1S,TUT 02,1,Mon,15:00,17:00,
CHE322H1S,LEC 01,1,Mon,10:00,11:00,
CHE322H1S,,2,Tue,16:00,17:00,
CHE322H1S,,3,Wed,11:00,12:00,
CHE322H1S,PRA 01,1,Tue,9:00,16:00,
CHE322H1S,,1,Tue,9:00,16:00,
CHE322H1S,,2,Thu,9:00,16:00,
CHE322H1S,,2,Thu,9:00,16:00,
CHE322H1S,PRA 02,1,Tue,9:00,16:00,
CHE322H1S,,1,Tue,9:00,16:00,
CHE322H1S,,2,Thu,9:00,16:00,
CHE322H1S,,2,Thu,9:00,16:00,
CHE322H1S,PRA 03,1,Tue,9:00,16:00,
CHE322H1S,,2,Thu,9:00,16:00,
CHE322H1S,,2,Thu,9:00,16:00,
CHE322H1S,TUT 01,1,Tue,10:00,12:00,
CHE322H1S,TUT 02,1,Thu,10:00,12:00,
CHE322H1S,TUT 03,1,Thu,10:00,12:00,
CHE333H1S,LEC 01,1,Wed,13:00,15:00,
CHE333H1S,,2,Fri,9:00,10:00,
CHE333H1S,TUT 01,1,Fri,10:00,12:00,
CHE333H1S,,1,Fri,10:00,12:00,
CHE334H1S,LEC 01,1,Mon,11:00,12:00,
CHE334H1S,TUT 01,1,Thu,13:00,15:00,
CHE334H1S,TUT 02,1,Tue,13:00,15:00,
CHE334H1S,TUT 03,1,Thu,13:00,15:00,
CHE354H1S,LEC 01,1,Fri,15:00,17:00,
CHE354H1S,,2,Tue,18:00,19:00,
CHE354H1S,PRA 01,1,Mon,17:00,20:00,
CHE354H1S,PRA 02,1,Thu,18:00,21:00,
CHE354H1S,TUT 01,1,Wed,18:00,20:00,
CHE354H1S,TUT 02,1,Wed,18:00,20:00,
CHE375H1S,LEC 01,1,Mon,12:00,13:00,
CHE375H1S,,2,Tue,13:00,14:00,
CHE375H1S,,3,Tue,14:00,15:00,
CHE375H1S,TUT 01,1,Wed,16:00,17:00,
CHE403H1S,LEC 01,1,Tue,10:00,12:00,
CHE412H1S,LEC 01,1,Wed,11:00,12:00,
CHE412H1S,,2,Thu,9:00,10:00,
CHE412H1S,,3,Fri,14:00,15:00,
CHE412H1S,TUT 01,1,Thu,10:00,11:00,
CHE460H1S,LEC 01,1,Mon,13:00,15:00,
CHE460H1S,,2,Wed,15:00,16:00,
CHE460H1S,TUT 01,1,Thu,14:00,16:00,
CHE462H1S,LEC 01,1,Mon,19:00,20:00,
CHE462H1S,,2,Mon,20:00,21:00,
CHE462H1S,,3,Thu,19:00,20:00,
CHE462H1S,TUT 01,1,Thu,20:00,21:00,
CHE469H1S,LEC 01,1,Mon,12:00,14:00,
CHE469H1S,,2,Fri,12:00,13:00,
CHE469H1S,TUT 01,1,Fri,13:00,14:00,
CHE471H1S,LEC 01,1,Thu,10:00,12:00,
CHE471H1S,,2,Fri,10:00,11:00,
CHE471H1S,TUT 01,1,Fri,11:00,12:00,
CHE475H1S,LEC 01,1,Thu,10:00,12:00,
CHE475H1S,,2,Wed,10:00,11:00,
CHE475H1S,TUT 01,1,Wed,11:00,12:00,
CHE488H1S,LEC 01,1,Mon,18:00,21:00,
CHE488H1S,,1,Mon,18:00,21:00,
CHE488H1S,TUT 01,1,Tue,12:00,14:00,
CHE499Y1Y,TUT 01,1,,,,
CHE507H1S,LEC 01,1,Tue,13:00,14:00,
CHE507H1S,,2,Tue,14:00,15:00,
CHE507H1S,,3,Thu,13:00,14:00,
CHE507H1S,TUT 01,1,Thu,14:00,15:00,
CHE561H1S,LEC 01,1,Fri,10:00,12:00,
CHE561H1S,,2,Fri,12:00,13:00,
CHE561H1S,TUT 01,1,Fri,13:00,14:00,
CHE564H1S,LEC 01,1,Mon,9:00,10:00,
CHE564H1S,,2,Wed,16:00,18:00,
CHE564H1S,TUT 01,1,Mon,10:00,11:00,
CHE568H1S,LEC 01,1,Mon,15:00,17:00,
CHE568H1S,,2,Tue,15:00,16:00,
CHE568H1S,TUT 01,1,Tue,16:00,17:00,
CHM325H1S,LEC 01,1,Thu,17:00,19:00,
CHM415H1S,LEC 01,1,Tue,9:00,10:00,
CHM415H1S,,2,Thu,9:00,10:00,
CHM446H1S,LEC 01,1,Wed,17:00,19:00,
CIV100H1S,LEC 01,1,Mon,13:00,14:00,
CIV100H1S,,2,Tue,12:00,13:00,
CIV100H1S,TUT 01,1,Thu,12:00,14:00,
CIV100H1S,TUT 02,1,Thu,12:00,14:00,
CIV209H1S,LEC 01,1,Wed,11:00,12:00,
CIV209H1S,,2,Tue,9:00,11:00,
CIV209H1S,PRA 01,1,Fri,10:00,12:00,
CIV209H1S,PRA 02,1,Wed,9:00,11:00,
CIV209H1S,TUT 01,1,Mon,15:00,17:00,
CIV214H1S,LEC 01,1,Tue,14:00,15:00,
CIV214H1S,,2,Thu,15:00,17:00,
CIV214H1S,TUT 01,1,Tue,15:00,17:00,
CIV214H1S,TUT 02,1,Tue,15:00,17:00,
CIV235H1S,PRA 01,1,Fri,14:00,16:00,
CIV235H1S,,2,Fri,12:00,14:00,
CIV235H1S,,3,Mon,9:00,11:00,
CIV235H1S,PRA 02,1,Fri,12:00,14:00,
CIV235H1S,,2,Fri,14:00,16:00,
CIV235H1S,,3,Mon,9:00,11:00,
CIV250H1S,LEC 01,1,Mon,11:00,12:00,
CIV250H1S,,2,Fri,9:00,10:00,
CIV250H1S,,3,Thu,12:00,13:00,
CIV250H1S,PRA 01,1,Thu,9:00,12:00,
CIV250H1S,PRA 02,1,Thu,9:00,12:00,
CIV250H1S,TUT 01,1,Fri,16:00,17:00,
CIV250H1S,TUT 02,1,Fri,16:00,17:00,
CIV300H1S,LEC 01,1,Mon,12:00,14:00,
CIV300H1S,,2,Thu,12:00,13:00,
CIV300H1S,TUT 01,1,Tue,18:00,20:00,
CIV300H1S,TUT 02,1,Tue,18:00,20:00,
CIV300H1S,TUT 03,1,Tue,18:00,20:00,
CIV300H1S,TUT 04,1,Tue,18:00,20:00,
CIV301H1S,LEC 01,1,Mon,13:00,14:00,
CIV301H1S,,2,Thu,15:00,16:00,
CIV301H1S,,3,Thu,16:00,17:00,
CIV301H1S,TUT 01,1,Mon,16:00,18:00,
CIV313H1S,LEC 01,1,Wed,9:00,11:00,
CIV313H1S,,2,Mon,11:00,12:00,
CIV313H1S,TUT 01,1,Wed,13:00,15:00,
CIV313H1S,,1,Wed,13:00,15:00,
CIV324H1S,LEC 01,1,Thu,9:00,10:00,
CIV324H1S,,2,Tue,17:00,19:00,
CIV324H1S,LEC 02,1,Mon,18:30,20:30,
CIV324H1S,,2,Wed,18:30,20:30,
CIV324H1S,PRA 01,1,Tue,14:00,17:00,2
CIV324H1S,,1,Tue,14:00,17:00,2
CIV324H1S,PRA 02,1,Thu,14:00,17:00,2
CIV324H1S,,1,Thu,14:00,17:00,2
CIV324H1S,TUT 01,1,Wed,11:00,12:00,
CIV332H1S,LEC 01,1,Thu,10:00,12:00,
CIV332H1S,,2,Tue,13:00,14:00,
CIV332H1S,TUT 01,1,Wed,17:00,18:00,
CIV332H1S,,1,Wed,17:00,18:00,
CIV340H1S,LEC 01,1,Mon,15:00,16:00,
CIV340H1S,,2,Mon,14:00,15:00,
CIV340H1S,,3,Thu,13:00,14:00,
CIV340H1S,TUT 01,1,Fri,14:00,16:00,
CIV357H1S,LEC 01,1,Mon,13:00,14:00,
CIV357H1S,,2,Wed,10:00,12:00,
CIV357H1S,TUT 01,1,Mon,14:00,16:00,
CIV359H1S,LEC 01,1,Thu,14:00,15:00,
CIV359H1S,,2,Thu,13:00,14:00,
CIV359H1S,,3,Fri,11:00,12:00,
CIV359H1S,TUT 01,1,Mon,11:00,12:00,
CIV380H1S,LEC 01,1,Wed,15:00,17:00,
CIV380H1S,,2,Fri,11:00,12:00,
CIV380H1S,TUT 01,1,Fri,12:00,13:00,
CIV382Y1Y,TUT 01,1,Fri,18:00,19:00,
CIV440H1S,LEC 01,1,Wed,9:00,10:00,
CIV440H1S,,2,Mon,12:00,14:00,
CIV440H1S,TUT 01,1,Wed,10:00,11:00,
CIV456H1S,LEC 01,1,Thu,13:00,14:00,
CIV456H1S,PRA 01,1,Thu,14:00,17:00,
CIV488H1S,LEC 01,1,Mon,18:00,21:00,
CIV488H1S,,1,Mon,18:00,21:00,
CIV488H1S,TUT 01,1,Tue,12:00,14:00,
CIV498H1S,TUT 01,1,Thu,18:00,21:00,
CIV498H1S,TUT 02,1,Tue,14:00,17:00,
CIV498H1S,TUT 03,1,Mon,18:00,21:00,
CIV498H1S,TUT 04,1,Thu,18:00,21:00,
CIV498H1S,TUT 05,1,Thu,18:00,21:00,
CIV498H1S,TUT 06,1,Thu,18:00,21:00,
CIV498H1S,TUT 07,1,Thu,18:00,21:00,
CIV498H1S,TUT 08,1,Thu,18:00,21:00,
CIV499H1S,TUT 01,1,Fri,14:00,17:00,
CIV510H1S,LEC 01,1,Mon,14:00,16:00,
CIV510H1S,,2,Fri,11:00,12:00,
CIV510H1S,TUT 01,1,Fri,12:00,14:00,
CIV516H1S,LEC 01,1,Thu,15:00,17:00,
CIV516H1S,,2,Fri,9:00,10:00,
CIV516H1S,TUT 01,1,Fri,10:00,11:00,
CIV518H1S,LEC 01,1,Mon,16:00,17:00,
CIV518H1S,,2,Thu,15:00,17:00,
CIV518H1S,TUT 01,1,Mon,17:00,19:00,
CIV523H1S,LEC 01,1,Wed,18:00,21:00,
CIV523H1S,TUT 01,1,Wed,17:00,18:00,
CIV541H1S,LEC 01,1,Mon,10:00,11:00,
CIV541H1S,,2,Tue,11:00,12:00,
CIV541H1S,,3,Thu,11:00,12:00,
CIV576H1S,LEC 01,1,Wed,15:00,17:00,
CIV576H1S,,2,Fri,9:00,10:00,
CIV576H1S,TUT 01,1,Fri,10:00,12:00,
CIV577H1S,LEC 01,1,Thu,9:00,11:00,
CIV577H1S,,2,Wed,11:00,12:00,
CIV577H1S,TUT 01,1,Thu,17:00,18:00,
CME185H1S,LEC 01,1,Wed,9:00,11:00,
CME185H1S,,2,Tue,13:00,14:00,
CME185H1S,PRA 01,1,Thu,15:00,17:00,
CME185H1S,,1,Thu,15:00,17:00,
CME185H1S,PRA 02,1,Wed,14:00,16:00,
CME185H1S,,1,Wed,14:00,16:00,
CME185H1S,TUT 01,1,Fri,10:00,11:00,
CME263H1S,LEC 01,1,Mon,13:00,15:00,
CME263H1S,,2,Wed,14:00,15:00,
CME263H1S,TUT 01,1,Wed,15:00,17:00,
CME362H1S,LEC 01,1,Tue,9:00,11:00,
CME362H1S,,2,Mon,10:00,11:00,
CME362H1S,TUT 01,1,Thu,17:00,19:00,
CME362H1S,TUT 02,1,Thu,17:00,19:00,
CME362H1S,TUT 03,1,Thu,17:00,19:00,
CME368H1S,LEC 01,1,Tue,18:30,20:30,
CME368H1S,,2,Thu,18:30,20:30,
CSC190H1S,LEC 01,1,Mon,11:00,12:00,
CSC190H1S,,2,Tue,11:00,12:00,
CSC190H1S,,3,Thu,14:00,15:00,
CSC190H1S,LEC 02,1,Mon,17:00,18:00,
CSC190H1S,,2,Tue,12:00,13:00,
CSC190H1S,,3,Fri,10:00,11:00,
CSC190H1S,PRA 01,1,Mon,16:00,19:00,
CSC190H1S,,1,Mon,16:00,19:00,
CSC190H1S,PRA 02,1,Tue,16:00,19:00,
CSC190H1S,,1,Tue,16:00,19:00,
CSC309H1S,LEC 01,1,Mon,10:00,11:00,
CSC309H1S,,2,Wed,10:00,11:00,
CSC309H1S,,3,Fri,10:00,11:00,
CSC343H1S,LEC 01,1,Mon,12:00,13:00,
CSC343H1S,,2,Wed,12:00,13:00,
CSC343H1S,,3,Fri,12:00,13:00,
CSC384H1S,LEC 01,1,Mon,13:00,14:00,
CSC384H1S,,2,Wed,13:00,14:00,
CSC384H1S,,3,Fri,13:00,14:00,
CSC418H1S,LEC 01,1,Mon,15:00,16:00,
CSC418H1S,,2,Wed,15:00,17:00,
CSC446H1S,LEC 01,1,Mon,13:00,14:00,
CSC446H1S,,2,Wed,13:00,14:00,
CSC446H1S,TUT 01,1,Fri,13:00,14:00,
ECE110H1S,LEC 01,1,Tue,10:00,11:00,
ECE110H1S,,2,Wed,10:00,11:00,
ECE110H1S,,3,Fri,10:00,11:00,
ECE110H1S,LEC 02,1,Tue,10:00,11:00,
ECE110H1S,,2,Wed,10:00,11:00,
ECE110H1S,,3,Fri,10:00,11:00,
ECE110H1S,LEC 03,1,Mon,9:00,10:00,
ECE110H1S,,2,Wed,9:00,10:00,
ECE110H1S,,3,Thu,10:00,11:00,
ECE110H1S,LEC 04,1,Tue,13:00,14:00,
ECE110H1S,,2,Thu,14:00,15:00,
ECE110H1S,,3,Wed,14:00,15:00,
ECE110H1S,LEC 05,1,Mon,11:00,12:00,
ECE110H1S,,2,Wed,11:00,12:00,
ECE110H1S,,3,Thu,11:00,12:00,
ECE110H1S,LEC 06,1,Tue,13:00,14:00,
ECE110H1S,,2,Thu,13:00,14:00,
ECE110H1S,,3,Fri,13:00,14:00,
ECE110H1S,PRA 01,1,Tue,16:00,18:00,1
ECE110H1S,PRA 02,1,Tue,16:00,18:00,2
ECE110H1S,PRA 03,1,Thu,16:00,18:00,1
ECE110H1S,PRA 04,1,Thu,16:00,18:00,2
ECE110H1S,PRA 05,1,Wed,14:00,16:00,1
ECE110H1S,PRA 06,1,Wed,14:00,16:00,2
ECE110H1S,PRA 07,1,Wed,16:00,18:00,1
ECE110H1S,PRA 08,1,Wed,16:00,18:00,2
ECE110H1S,PRA 09,1,Fri,14:00,16:00,1
ECE110H1S,PRA 10,1,Fri,14:00,16:00,2
ECE110H1S,PRA 11,1,Fri,16:00,18:00,1
ECE110H1S,PRA 12,1,Fri,16:00,18:00,2
ECE110H1S,TUT 01,1,Mon,15:00,17:00,
ECE110H1S,TUT 02,1,Mon,15:00,17:00,
ECE110H1S,TUT 03,1,Tue,16:00,18:00,
ECE110H1S,TUT 04,1,Tue,16:00,18:00,
ECE110H1S,TUT 05,1,Wed,16:00,18:00,
ECE110H1S,TUT 06,1,Wed,16:00,18:00,
ECE110H1S,TUT 07,1,Wed,14:00,16:00,
ECE110H1S,TUT 08,1,Wed,14:00,16:00,
ECE110H1S,TUT 09,1,Fri,16:00,18:00,
ECE110H1S,TUT 10,1,Fri,16:00,18:00,
ECE110H1S,TUT 11,1,Fri,14:00,16:00,
ECE110H1S,TUT 12,1,Fri,14:00,16:00,
ECE159H1S,LEC 01,1,Tue,14:00,15:00,
ECE159H1S,,2,Thu,13:00,14:00,
ECE159H1S,,3,Fri,14:00,15:00,
ECE159H1S,LEC 02,1,Tue,15:00,16:00,
ECE159H1S,,2,Thu,14:00,15:00,
ECE159H1S,,3,Fri,15:00,16:00,
ECE159H1S,PRA 01,1,Mon,9:00,12:00,2
ECE159H1S,PRA 02,1,Fri,10:00,13:00,2
ECE159H1S,PRA 03,1,Fri,10:00,13:00,1
ECE159H1S,PRA 04,1,Wed,9:00,12:00,1
ECE159H1S,PRA 05,1,Wed,9:00,12:00,1
ECE159H1S,PRA 06,1,Mon,9:00,12:00,1
ECE159H1S,TUT 01,1,Thu,16:00,17:00,
ECE159H1S,TUT 02,1,Wed,11:00,12:00,
ECE159H1S,TUT 03,1,Wed,11:00,12:00,
ECE159H1S,TUT 04,1,Wed,11:00,12:00,
ECE159H1S,TUT 05,1,Fri,10:00,11:00,
ECE159H1S,TUT 06,1,Fri,12:00,13:00,
ECE159H1S,TUT 07,1,Fri,12:00,13:00,
ECE159H1S,TUT 08,1,Wed,10:00,11:00,
ECE159H1S,TUT 09,1,Wed,10:00,11:00,
ECE159H1S,TUT 10,1,Wed,10:00,11:00,
ECE216H1S,LEC 01,1,Mon,11:00,12:00,
ECE216H1S,,2,Tue,14:00,15:00,
ECE216H1S,,3,Thu,9:00,10:00,
ECE216H1S,LEC 02,1,Tue,13:00,14:00,
ECE216H1S,,2,Wed,10:00,11:00,
ECE216H1S,,3,Thu,11:00,12:00,
ECE216H1S,LEC 03,1,Mon,13:00,14:00,
ECE216H1S,,2,Wed,9:00,10:00,
ECE216H1S,,3,Tue,9:00,10:00,
ECE216H1S,LEC 04,1,Mon,9:00,10:00,
ECE216H1S,,2,Tue,10:00,11:00,
ECE216H1S,,3,Fri,11:00,12:00,
ECE216H1S,TUT 01,1,Fri,11:00,13:00,
ECE216H1S,TUT 02,1,Fri,11:00,13:00,
ECE216H1S,TUT 03,1,Wed,14:00,16:00,
ECE216H1S,TUT 04,1,Wed,14:00,16:00,
ECE216H1S,TUT 05,1,Thu,15:00,17:00,
ECE216H1S,TUT 06,1,Thu,15:00,17:00,
ECE216H1S,TUT 07,1,Mon,16:00,18:00,
ECE216H1S,TUT 08,1,Mon,16:00,18:00,
ECE221H1S,LEC 01,1,Mon,9:00,10:00,
ECE221H1S,,2,Thu,14:00,15:00,
ECE221H1S,,3,Fri,10:00,11:00,
ECE221H1S,LEC 02,1,Mon,12:00,13:00,
ECE221H1S,,2,Wed,10:00,11:00,
ECE221H1S,,3,Fri,13:00,14:00,
ECE221H1S,PRA 01,1,Mon,14:00,16:00,2
ECE221H1S,,1,Mon,14:00,16:00,2
ECE221H1S,PRA 02,1,Tue,10:00,12:00,2
ECE221H1S,,1,Tue,10:00,12:00,2
ECE221H1S,PRA 03,1,Fri,15:00,17:00,1
ECE221H1S,,1,Fri,15:00,17:00,1
ECE221H1S,PRA 04,1,Fri,15:00,17:00,2
ECE221H1S,,1,Fri,15:00,17:00,2
ECE221H1S,PRA 05,1,Tue,14:00,16:00,1
ECE221H1S,,1,Tue,14:00,16:00,1
ECE221H1S,PRA 06,1,Tue,14:00,16:00,2
ECE221H1S,,1,Tue,14:00,16:00,2
ECE221H1S,PRA 07,1,Thu,11:00,13:00,2
ECE221H1S,PRA 08,1,Thu,11:00,13:00,2
ECE221H1S,TUT 01,1,Thu,10:00,11:00,
ECE221H1S,TUT 02,1,Thu,10:00,11:00,
ECE221H1S,TUT 03,1,Thu,15:00,16:00,
ECE221H1S,TUT 04,1,Thu,15:00,16:00,
ECE221H1S,TUT 05,1,Wed,15:00,16:00,
ECE221H1S,TUT 06,1,Wed,15:00,16:00,
ECE221H1S,TUT 07,1,Tue,11:00,12:00,
ECE221H1S,TUT 08,1,Tue,11:00,12:00,
ECE231H1S,LEC 01,1,Tue,13:00,14:00,
ECE231H1S,,2,Wed,9:00,10:00,
ECE231H1S,,3,Thu,11:00,12:00,
ECE231H1S,LEC 02,1,Mon,11:00,12:00,
ECE231H1S,,2,Thu,10:00,11:00,
ECE231H1S,,3,Fri,11:00,12:00,
ECE231H1S,LEC 03,1,Wed,13:00,14:00,
ECE231H1S,,2,Tue,13:00,14:00,
ECE231H1S,,3,Thu,14:00,15:00,
ECE231H1S,LEC 04,1,Mon,13:00,14:00,
ECE231H1S,,2,Tue,9:00,10:00,
ECE231H1S,,3,Thu,10:00,11:00,
ECE231H1S,PRA 01,1,Mon,14:00,17:00,1
ECE231H1S,PRA 02,1,Tue,9:00,12:00,1
ECE231H1S,PRA 03,1,Mon,14:00,17:00,2
ECE231H1S,PRA 04,1,Tue,9:00,12:00,2
ECE231H1S,PRA 05,1,Thu,9:00,12:00,2
ECE231H1S,PRA 06,1,Thu,9:00,12:00,1
ECE231H1S,PRA 07,1,Tue,13:00,16:00,1
ECE231H1S,PRA 08,1,Tue,13:00,16:00,2
ECE231H1S,TUT 01,1,Wed,17:00,18:00,
ECE231H1S,,2,Fri,14:00,15:00,
ECE231H1S,,3,Wed,16:00,17:00,
ECE231H1S,TUT 02,1,Wed,17:00,18:00,
ECE231H1S,,2,Fri,14:00,15:00,
ECE231H1S,,3,Wed,16:00,17:00,
ECE231H1S,TUT 03,1,Thu,17:00,18:00,
ECE231H1S,,2,Fri,14:00,15:00,
ECE231H1S,,3,Thu,16:00,17:00,
ECE231H1S,TUT 04,1,Thu,17:00,18:00,
ECE231H1S,,2,Fri,14:00,15:00,
ECE231H1S,,3,Thu,16:00,17:00,
ECE231H1S,TUT 05,1,Tue,11:00,12:00,
ECE231H1S,,2,Fri,14:00,15:00,
ECE231H1S,,3,Tue,10:00,11:00,
ECE231H1S,TUT 06,1,Tue,11:00,12:00,
ECE231H1S,,2,Fri,14:00,15:00,
ECE231H1S,,3,Tue,10:00,11:00,
ECE231H1S,TUT 07,1,Wed,16:00,17:00,
ECE231H1S,,2,Wed,17:00,18:00,
ECE231H1S,,3,Fri,14:00,15:00,
ECE231H1S,TUT 08,1,Wed,16:00,17:00,
ECE231H1S,,2,Wed,17:00,18:00,
ECE231H1S,,3,Fri,14:00,15:00,
ECE243H1S,LEC 01,1,Mon,13:00,14:00,
ECE243H1S,,2,Wed,10:00,11:00,
ECE243H1S,,3,Thu,13:00,14:00,
ECE243H1S,LEC 02,1,Mon,13:00,14:00,
ECE243H1S,,2,Wed,13:00,14:00,
ECE243H1S,,3,Thu,13:00,14:00,
ECE243H1S,LEC 03,1,Mon,14:00,15:00,
ECE243H1S,,2,Wed,14:00,15:00,
ECE243H1S,,3,Thu,13:00,14:00,
ECE243H1S,LEC 04,1,Mon,14:00,15:00,
ECE243H1S,,2,Wed,9:00,10:00,
ECE243H1S,,3,Thu,9:00,10:00,
ECE243H1S,PRA 01,1,Tue,9:00,12:00,
ECE243H1S,PRA 02,1,Mon,14:00,17:00,
ECE243H1S,PRA 03,1,Tue,9:00,12:00,
ECE243H1S,PRA 04,1,Mon,14:00,17:00,
ECE243H1S,PRA 05,1,Fri,9:00,12:00,
ECE243H1S,PRA 06,1,Fri,9:00,12:00,
ECE243H1S,PRA 07,1,Thu,14:00,17:00,
ECE243H1S,PRA 08,1,Thu,14:00,17:00,
ECE253H1S,LEC 01,1,Mon,18:30,20:30,
ECE253H1S,,2,Wed,18:30,20:30,
ECE259H1S,LEC 01,1,Tue,10:00,11:00,
ECE259H1S,,2,Thu,11:00,12:00,
ECE259H1S,,3,Fri,9:00,10:00,
ECE259H1S,LEC 02,1,Wed,11:00,12:00,
ECE259H1S,,2,Thu,15:00,16:00,
ECE259H1S,,3,Fri,11:00,12:00,
ECE259H1S,TUT 01,1,Mon,15:00,16:00,
ECE259H1S,TUT 02,1,Mon,15:00,16:00,
ECE259H1S,TUT 03,1,Mon,15:00,16:00,
ECE259H1S,TUT 04,1,Mon,15:00,16:00,
ECE259H1S,TUT 05,1,Wed,13:00,14:00,
ECE259H1S,TUT 06,1,Wed,13:00,14:00,
ECE259H1S,TUT 07,1,Wed,13:00,14:00,
ECE259H1S,TUT 08,1,Wed,13:00,14:00,
ECE297H1S,LEC 01,1,Mon,10:00,11:00,
ECE297H1S,,1,Mon,10:00,11:00,
ECE297H1S,,2,Wed,11:00,12:00,
ECE297H1S,,2,Wed,11:00,12:00,
ECE297H1S,PRA 01,1,Thu,15:00,18:00,
ECE297H1S,,1,Thu,15:00,18:00,
ECE297H1S,PRA 02,1,Thu,15:00,18:00,
ECE297H1S,,1,Thu,15:00,18:00,
ECE297H1S,,1,Thu,15:00,18:00,
ECE297H1S,PRA 03,1,Wed,16:00,19:00,
ECE297H1S,,1,Wed,16:00,19:00,
ECE297H1S,,1,Wed,16:00,19:00,
ECE297H1S,PRA 04,1,Wed,16:00,19:00,
ECE297H1S,,1,Wed,16:00,19:00,
ECE297H1S,,1,Wed,16:00,19:00,
ECE297H1S,PRA 05,1,Mon,16:00,19:00,
ECE297H1S,,1,Mon,16:00,19:00,
ECE297H1S,PRA 06,1,Mon,16:00,19:00,
ECE297H1S,,1,Mon,16:00,19:00,
ECE297H1S,PRA 07,1,Wed,13:00,16:00,
ECE297H1S,,1,Wed,13:00,16:00,
ECE297H1S,,1,Wed,13:00,16:00,
ECE297H1S,PRA 08,1,Wed,13:00,16:00,
ECE297H1S,,1,Wed,13:00,16:00,
ECE297H1S,,1,Wed,13:00,16:00,
ECE297H1S,TUT 01,1,Wed,14:00,16:00,
ECE297H1S,TUT 02,1,Wed,14:00,16:00,
ECE297H1S,TUT 03,1,Wed,14:00,16:00,
ECE297H1S,TUT 04,1,Wed,14:00,16:00,
ECE297H1S,TUT 05,1,Tue,14:00,16:00,
ECE297H1S,TUT 06,1,Tue,14:00,16:00,
ECE297H1S,TUT 07,1,Tue,14:00,16:00,
ECE297H1S,TUT 08,1,Tue,14:00,16:00,
ECE297H1S,TUT 09,1,Wed,16:00,18:00,
ECE297H1S,TUT 10,1,Wed,16:00,18:00,
ECE297H1S,TUT 11,1,Wed,16:00,18:00,
ECE297H1S,TUT 12,1,Wed,16:00,18:00,
ECE297H1S,TUT 13,1,Fri,9:00,11:00,
ECE297H1S,TUT 14,1,Fri,9:00,11:00,
ECE297H1S,TUT 15,1,Fri,9:00,11:00,
ECE297H1S,TUT 16,1,Fri,9:00,11:00,
ECE302H1S,LEC 01,1,Thu,12:00,13:00,
ECE302H1S,,2,Tue,11:00,12:00,
ECE302H1S,,3,Wed,11:00,12:00,
ECE302H1S,TUT 01,1,Mon,9:00,11:00,
ECE302H1S,TUT 02,1,Thu,17:00,19:00,
ECE311H1S,LEC 01,1,Tue,15:00,16:00,
ECE311H1S,,2,Wed,15:00,16:00,
ECE311H1S,,3,Fri,15:00,16:00,
ECE311H1S,PRA 01,1,Mon,15:00,18:00,2
ECE311H1S,PRA 02,1,Wed,12:00,15:00,1
ECE311H1S,PRA 03,1,Wed,12:00,15:00,2
ECE311H1S,PRA 04,1,Mon,15:00,18:00,1
ECE311H1S,TUT 01,1,Wed,12:00,14:00,1
ECE311H1S,TUT 02,1,Tue,16:00,18:00,2
ECE316H1S,LEC 01,1,Mon,10:00,11:00,
ECE316H1S,,2,Wed,10:00,11:00,
ECE316H1S,,3,Thu,10:00,11:00,
ECE316H1S,LEC 02,1,Mon,13:00,14:00,
ECE316H1S,,2,Wed,13:00,14:00,
ECE316H1S,,3,Thu,13:00,14:00,
ECE316H1S,PRA 01,1,Tue,15:00,18:00,1
ECE316H1S,PRA 02,1,Tue,15:00,18:00,2
ECE316H1S,PRA 03,1,Fri,9:00,12:00,1
ECE316H1S,PRA 04,1,Fri,9:00,12:00,2
ECE316H1S,PRA 05,1,Thu,16:00,19:00,
ECE316H1S,TUT 01,1,Tue,14:00,15:00,
ECE316H1S,TUT 02,1,Wed,11:00,12:00,
ECE316H1S,TUT 03,1,Thu,11:00,12:00,
ECE318H1S,LEC 01,1,Tue,12:00,13:00,
ECE318H1S,,2,Wed,16:00,17:00,
ECE318H1S,,3,Thu,10:00,11:00,
ECE318H1S,PRA 01,1,Fri,9:00,12:00,1
ECE318H1S,PRA 02,1,Tue,9:00,12:00,2
ECE318H1S,PRA 03,1,Thu,16:00,19:00,1
ECE318H1S,PRA 04,1,Fri,15:00,18:00,1
ECE318H1S,PRA 05,1,Wed,16:00,19:00,2
ECE318H1S,TUT 01,1,Tue,14:00,15:00,
ECE318H1S,TUT 02,1,Thu,14:00,15:00,
ECE330H1S,LEC 01,1,Tue,14:00,15:00,
ECE330H1S,,2,Thu,15:00,16:00,
ECE330H1S,,3,Wed,15:00,16:00,
ECE330H1S,TUT 01,1,Thu,17:00,19:00,
ECE331H1S,LEC 01,1,Tue,12:00,13:00,
ECE331H1S,,2,Wed,14:00,15:00,
ECE331H1S,,3,Fri,12:00,13:00,
ECE331H1S,PRA 01,1,Mon,9:00,12:00,1
ECE331H1S,PRA 02,1,Wed,9:00,12:00,2
ECE331H1S,PRA 03,1,Mon,9:00,12:00,2
ECE331H1S,TUT 01,1,Wed,16:00,17:00,
ECE331H1S,TUT 02,1,Thu,10:00,11:00,
ECE334H1S,LEC 01,1,Wed,14:00,15:00,
ECE334H1S,,2,Wed,15:00,16:00,
ECE334H1S,,3,Fri,14:00,15:00,
ECE334H1S,PRA 01,1,Mon,9:00,12:00,1
ECE334H1S,PRA 02,1,Thu,9:00,12:00,2
ECE334H1S,PRA 03,1,Wed,9:00,12:00,2
ECE334H1S,TUT 01,1,Fri,11:00,12:00,
ECE334H1S,TUT 02,1,Thu,14:00,15:00,
ECE342H1S,LEC 01,1,Mon,16:00,18:00,
ECE342H1S,,2,Wed,16:00,17:00,
ECE342H1S,LEC 02,1,Mon,12:00,14:00,
ECE342H1S,,2,Fri,12:00,13:00,
ECE342H1S,PRA 01,1,Wed,9:00,12:00,
ECE342H1S,PRA 02,1,Mon,9:00,12:00,
ECE344H1S,LEC 01,1,Mon,14:00,16:00,
ECE344H1S,,2,Thu,14:00,15:00,
ECE344H1S,PRA 01,1,Tue,15:00,18:00,
ECE344H1S,PRA 02,1,Fri,9:00,12:00,
ECE345H1S,LEC 01,1,Mon,10:00,11:00,
ECE345H1S,,2,Wed,10:00,11:00,
ECE345H1S,,3,Fri,10:00,11:00,
ECE345H1S,TUT 01,1,Wed,15:00,17:00,
ECE350H1S,LEC 01,1,Mon,12:00,13:00,
ECE350H1S,,2,Mon,13:00,14:00,
ECE350H1S,,3,Wed,13:00,14:00,
ECE350H1S,PRA 01,1,Mon,16:00,19:00,1
ECE350H1S,PRA 02,1,Tue,18:00,21:00,2
ECE350H1S,PRA 03,1,Mon,16:00,19:00,2
ECE350H1S,TUT 01,1,Tue,17:00,18:00,
ECE353H1S,LEC 01,1,Tue,11:00,12:00,
ECE353H1S,,2,Thu,11:00,13:00,
ECE353H1S,PRA 01,1,Tue,13:00,16:00,
ECE354H1S,LEC 01,1,Wed,15:00,17:00,
ECE354H1S,,2,Mon,9:00,10:00,
ECE354H1S,PRA 01,1,Fri,15:00,18:00,1
ECE354H1S,PRA 02,1,Fri,15:00,18:00,2
ECE354H1S,TUT 01,1,Thu,13:00,14:00,
ECE356H1S,LEC 01,1,Mon,11:00,12:00,
ECE356H1S,,2,Wed,12:00,13:00,
ECE356H1S,,3,Tue,9:00,10:00,
ECE356H1S,PRA 01,1,Fri,9:00,12:00,1
ECE356H1S,PRA 02,1,Tue,18:00,21:00,2
ECE356H1S,PRA 03,1,Fri,9:00,12:00,2
ECE356H1S,TUT 01,1,Fri,12:00,13:00,
ECE357H1S,LEC 01,1,Tue,16:00,17:00,
ECE357H1S,,2,Wed,9:00,10:00,
ECE357H1S,,3,Fri,14:00,15:00,
ECE357H1S,PRA 01,1,Fri,9:00,12:00,2
ECE357H1S,PRA 02,1,Fri,9:00,12:00,1
ECE357H1S,PRA 03,1,Mon,16:00,19:00,2
ECE357H1S,PRA 04,1,Mon,16:00,19:00,1
ECE357H1S,TUT 01,1,Thu,15:00,16:00,
ECE357H1S,TUT 02,1,Tue,17:00,18:00,
ECE358H1S,LEC 01,1,Mon,12:00,13:00,
ECE358H1S,,2,Tue,10:00,11:00,
ECE358H1S,,3,Thu,9:00,10:00,
ECE358H1S,TUT 01,1,Thu,14:00,15:00,
ECE361H1S,LEC 01,1,Wed,15:00,16:00,
ECE361H1S,,2,Thu,13:00,14:00,
ECE361H1S,,3,Thu,14:00,15:00,
ECE361H1S,PRA 01,1,Fri,12:00,15:00,2
ECE361H1S,PRA 02,1,Tue,12:00,15:00,1
ECE361H1S,TUT 01,1,Wed,10:00,11:00,1
ECE361H1S,TUT 02,1,Wed,10:00,11:00,2
ECE411H1S,LEC 01,1,Thu,10:00,11:00,
ECE411H1S,,2,Mon,9:00,10:00,
ECE411H1S,,3,Wed,14:00,15:00,
ECE411H1S,PRA 01,1,Tue,9:00,12:00,2
ECE411H1S,PRA 02,1,Fri,15:00,18:00,1
ECE411H1S,TUT 01,1,Wed,12:00,13:00,
ECE413H1S,LEC 01,1,Tue,14:00,15:00,
ECE413H1S,,2,Wed,13:00,14:00,
ECE413H1S,,3,Fri,10:00,11:00,
ECE413H1S,PRA 01,1,Wed,16:00,19:00,2
ECE413H1S,PRA 02,1,Wed,16:00,19:00,1
ECE413H1S,TUT 01,1,Fri,15:00,16:00,
ECE413H1S,TUT 02,1,Tue,17:00,18:00,
ECE417H1S,LEC 01,1,Wed,12:00,13:00,
ECE417H1S,,2,Fri,11:00,12:00,
ECE417H1S,,3,Tue,14:00,15:00,
ECE417H1S,PRA 01,1,Thu,9:00,12:00,1
ECE417H1S,PRA 02,1,Thu,9:00,12:00,2
ECE417H1S,TUT 01,1,Wed,10:00,11:00,
ECE417H1S,TUT 02,1,Wed,11:00,12:00,
ECE419H1S,LEC 01,1,Thu,11:00,12:00,
ECE419H1S,,2,Tue,14:00,15:00,
ECE419H1S,,3,Fri,11:00,12:00,
ECE419H1S,PRA 01,1,Wed,9:00,12:00,1
ECE419H1S,PRA 02,1,Fri,15:00,18:00,2
ECE419H1S,TUT 01,1,Mon,15:00,16:00,
ECE419H1S,TUT 02,1,Tue,15:00,16:00,
ECE450H1S,LEC 01,1,Mon,15:00,17:00,
ECE450H1S,,2,Tue,17:00,18:00,
ECE450H1S,PRA 01,1,Fri,15:00,18:00,1
ECE450H1S,TUT 01,1,Tue,18:00,19:00,
ECE451H1S,LEC 01,1,Tue,14:00,15:00,
ECE451H1S,,2,Wed,14:00,16:00,
ECE451H1S,PRA 01,1,Fri,9:00,12:00,
ECE451H1S,PRA 02,1,Wed,9:00,12:00,
ECE451H1S,PRA 03,1,Fri,12:00,15:00,
ECE462H1S,LEC 01,1,Tue,9:00,11:00,
ECE462H1S,,2,Thu,14:00,15:00,
ECE462H1S,PRA 01,1,Mon,13:00,15:00,
ECE462H1S,PRA 02,1,Tue,12:00,14:00,
ECE463H1S,LEC 01,1,Mon,11:00,12:00,
ECE463H1S,,2,Wed,14:00,15:00,
ECE463H1S,,3,Thu,14:00,15:00,
ECE463H1S,PRA 01,1,Wed,9:00,12:00,1
ECE463H1S,PRA 02,1,Thu,11:00,14:00,1
ECE463H1S,PRA 03,1,Wed,9:00,11:00,2
ECE463H1S,TUT 01,1,Tue,15:00,16:00,
ECE464H1S,LEC 01,1,Mon,12:00,13:00,
ECE464H1S,,2,Wed,14:00,15:00,
ECE464H1S,,3,Thu,15:00,16:00,
ECE464H1S,PRA 01,1,Tue,9:00,12:00,1
ECE464H1S,PRA 02,1,Wed,16:00,19:00,2
ECE464H1S,TUT 01,1,Mon,13:00,14:00,
ECE464H1S,TUT 02,1,Tue,17:00,18:00,
ECE466H1S,LEC 01,1,Thu,12:00,13:00,
ECE466H1S,,2,Tue,13:00,14:00,
ECE466H1S,,3,Fri,13:00,14:00,
ECE466H1S,PRA 01,1,Tue,9:00,12:00,2
ECE466H1S,PRA 02,1,Tue,9:00,12:00,1
ECE466H1S,TUT 01,1,Thu,16:00,17:00,
ECE469H1S,LEC 01,1,Mon,10:00,11:00,
ECE469H1S,,2,Wed,9:00,10:00,
ECE469H1S,,3,Fri,9:00,10:00,
ECE469H1S,PRA 01,1,Thu,13:00,16:00,1
ECE469H1S,PRA 02,1,Fri,13:00,16:00,2
ECE469H1S,TUT 01,1,Thu,16:00,17:00,
ECE469H1S,TUT 02,1,Fri,16:00,17:00,
ECE470H1S,LEC 01,1,Mon,16:00,17:00,
ECE470H1S,,2,Tue,15:00,16:00,
ECE470H1S,,3,Wed,15:00,16:00,
ECE470H1S,PRA 01,1,Thu,12:00,15:00,1
ECE470H1S,PRA 02,1,Fri,12:00,15:00,1
ECE470H1S,PRA 03,1,Fri,12:00,15:00,2
ECE470H1S,TUT 01,1,Thu,16:00,18:00,2
ECE472H1S,LEC 01,1,Tue,15:00,17:00,
ECE472H1S,,2,Fri,12:00,13:00,
ECE472H1S,LEC 02,1,Tue,11:00,12:00,
ECE472H1S,,2,Wed,11:00,12:00,
ECE472H1S,,3,Fri,9:00,10:00,
ECE472H1S,TUT 01,1,Fri,14:00,15:00,
ECE472H1S,,2,Tue,16:00,17:00,
ECE472H1S,TUT 02,1,Fri,14:00,15:00,
ECE472H1S,,2,Tue,16:00,17:00,
ECE472H1S,TUT 03,1,Fri,14:00,15:00,
ECE472H1S,,2,Tue,16:00,17:00,
ECE472H1S,TUT 04,1,Fri,14:00,15:00,
ECE472H1S,,2,Tue,16:00,17:00,
ECE496Y1Y,LEC 01,1,Thu,19:00,21:00,
ECE496Y1Y,TUT 01,1,Tue,19:00,21:00,
ECE496Y1Y,,1,Tue,19:00,21:00,
ECE496Y1Y,,1,Tue,19:00,21:00,
ECE496Y1Y,,1,Tue,19:00,21:00,
ECE496Y1Y,,1,Tue,19:00,21:00,
ECE496Y1Y,TUT 02,1,Thu,19:00,21:00,
ECE496Y1Y,,1,Thu,19:00,21:00,
ECE496Y1Y,,1,Thu,19:00,21:00,
ECE496Y1Y,,1,Thu,19:00,21:00,
ECE496Y1Y,,1,Thu,19:00,21:00,
ECE516H1S,LEC 01,1,Mon,14:00,15:00,
ECE516H1S,,2,Thu,13:00,14:00,
ECE516H1S,,3,Wed,13:00,14:00,
ECE516H1S,PRA 01,1,Thu,14:00,17:00,
ECE521H1S,LEC 01,1,Tue,10:00,12:00,
ECE521H1S,,2,Wed,10:00,11:00,
ECE521H1S,TUT 01,1,Fri,9:00,10:00,
ECE521H1S,,2,Fri,10:00,11:00,
ECE525H1S,LEC 01,1,Mon,17:00,20:00,
ECE525H1S,TUT 01,1,Tue,17:00,19:00,
ECE530H1S,LEC 01,1,Mon,15:00,16:00,
ECE530H1S,,2,Mon,16:00,17:00,
ECE530H1S,,3,Fri,13:00,14:00,
ECE530H1S,PRA 01,1,Thu,12:00,15:00,1
ECE530H1S,PRA 02,1,Thu,12:00,15:00,2
ECE530H1S,TUT 01,1,Mon,10:00,12:00,2
ECE532H1S,LEC 01,1,Thu,9:00,10:00,
ECE532H1S,,2,Mon,12:00,13:00,
ECE532H1S,,3,Tue,11:00,12:00,
ECE532H1S,PRA 01,1,Wed,16:00,19:00,
ECE532H1S,PRA 02,1,Wed,12:00,15:00,
ECE533H1S,LEC 01,1,Thu,12:00,13:00,
ECE533H1S,,2,Tue,15:00,16:00,
ECE533H1S,,3,Wed,18:00,19:00,
ECE533H1S,PRA 01,1,Mon,13:00,15:00,1
ECE533H1S,PRA 02,1,Mon,13:00,15:00,2
ECE533H1S,PRA 03,1,Wed,12:00,14:00,1
ECE533H1S,PRA 04,1,Wed,12:00,14:00,2
ECE533H1S,TUT 01,1,Tue,9:00,11:00,1
ECE533H1S,TUT 02,1,Wed,16:00,18:00,1
ECE540H1S,LEC 01,1,Mon,10:00,11:00,
ECE540H1S,,2,Tue,10:00,11:00,
ECE540H1S,,3,Wed,10:00,11:00,
ECE540H1S,PRA 01,1,Mon,13:00,16:00,
ECE568H1S,LEC 01,1,Mon,10:00,12:00,
ECE568H1S,,2,Wed,15:00,16:00,
ECE568H1S,PRA 01,1,Thu,13:00,16:00,
ECE568H1S,PRA 02,1,Wed,9:00,12:00,
ESC102H1S,LEC 01,1,Mon,13:00,14:00,
ESC102H1S,,1,Mon,13:00,14:00,
ESC102H1S,,2,Tue,13:00,14:00,
ESC102H1S,,2,Tue,13:00,14:00,
ESC102H1S,,3,Thu,17:00,18:00,
ESC102H1S,,3,Thu,17:00,18:00,
ESC102H1S,TUT 01,1,Tue,16:00,18:00,
ESC102H1S,TUT 02,1,Tue,16:00,18:00,
ESC102H1S,TUT 03,1,Tue,16:00,18:00,
ESC102H1S,TUT 04,1,Tue,16:00,18:00,
ESC102H1S,TUT 05,1,Wed,15:00,17:00,
ESC102H1S,TUT 06,1,Wed,15:00,17:00,
ESC102H1S,TUT 07,1,Wed,15:00,17:00,
ESC102H1S,TUT 09,1,Thu,12:00,14:00,
ESC102H1S,TUT 10,1,Thu,12:00,14:00,
ESC102H1S,TUT 11,1,Thu,12:00,14:00,
ESC301Y1Y,TUT 01,1,Thu,14:00,16:00,
ESC301Y1Y,TUT 02,1,Tue,17:00,19:00,
ESC301Y1Y,TUT 03,1,Wed,17:00,18:00,
ESC301Y1Y,TUT 04,1,Wed,15:00,17:00,
ESC301Y1Y,,1,Wed,15:00,17:00,
ESC301Y1Y,TUT 05,1,Wed,17:00,19:00,
ESC301Y1Y,TUT 06,1,Wed,16:00,18:00,2
ESC301Y1Y,TUT 07,1,Thu,10:00,11:00,
ESC301Y1Y,TUT 08,1,Thu,16:00,17:00,
ESC401H1S,LEC 01,1,,,,
ESC401H1S,,2,,,,
ESC401H1S,TUT 01,1,,,,
ESC470H1S,PRA 01,1,Fri,15:00,18:00,
ESC470H1S,,2,Thu,16:00,17:00,
ESC472H1S,TUT 01,1,Tue,16:00,19:00,
ESC490H1S,PRA 01,1,,,,
ESC499H1S,LEC 01,1,,,,
ESC499H1S,,2,,,,
ESC499H1S,,3,,,,
ESC499H1S,PRA 01,1,,,,
ESC499Y1Y,LEC 01,1,,,,
ESC499Y1Y,PRA 01,1,,,,
ESS222H1S,LEC 01,1,Tue,12:00,13:00,
ESS222H1S,,2,Wed,12:00,13:00,
ESS222H1S,PRA 02,1,Thu,9:00,12:00,
ESS222H1S,PRA 03,1,Wed,9:00,12:00,
FOR310H1S,LEC 01,1,Tue,17:00,19:00,
FOR310H1S,,1,Thu,15:00,16:00,
FOR424H1S,LEC 01,1,Mon,16:00,18:00,
FOR424H1S,,2,Fri,16:00,17:00,
FOR425H1S,LEC 01,1,Tue,13:00,15:00,
FOR425H1S,TUT 01,1,Tue,15:00,17:00,
HMB200H1S,LEC 01,1,Tue,12:00,13:00,
HMB200H1S,,2,Wed,12:00,13:00,
HMB200H1S,TUT 01,1,Fri,12:00,13:00,
HPS283H1S,LEC 01,1,Tue,12:00,13:00,
HPS283H1S,,2,Thu,12:00,13:00,
JRE300H1S,LEC 01,1,Mon,18:00,21:00,
JRE300H1S,LEC 02,1,Tue,18:00,21:00,
JRE300H1S,TUT 01,1,Wed,18:00,19:00,
JRE300H1S,TUT 02,1,Wed,18:00,19:00,
JRE410H1S,LEC 01,1,Mon,18:00,20:00,
JRE410H1S,PRA 01,1,Wed,18:00,20:00,
JRE410H1S,PRA 02,1,Wed,18:00,20:00,
JRE410H1S,PRA 03,1,Wed,18:00,20:00,
JRE420H1S,LEC 01,1,Thu,18:00,21:00,
JRE420H1S,LEC 02,1,Mon,18:00,21:00,
JRE420H1S,PRA 01,1,Tue,19:00,20:00,
JRE420H1S,,1,Tue,19:00,20:00,
JRE420H1S,PRA 02,1,Tue,19:00,20:00,
MAT185H1S,LEC 01,1,Mon,15:00,16:00,
MAT185H1S,,2,Tue,15:00,16:00,
MAT185H1S,,3,Fri,9:00,10:00,
MAT185H1S,LEC 02,1,Mon,16:00,17:00,
MAT185H1S,,2,Thu,15:00,16:00,
MAT185H1S,,3,Fri,9:00,10:00,
MAT185H1S,TUT 01,1,Wed,14:00,15:00,
MAT185H1S,TUT 02,1,Wed,10:00,11:00,
MAT185H1S,TUT 03,1,Wed,10:00,11:00,
MAT185H1S,TUT 04,1,Wed,10:00,11:00,
MAT185H1S,TUT 05,1,Fri,11:00,12:00,
MAT185H1S,TUT 06,1,Fri,11:00,12:00,
MAT185H1S,TUT 07,1,Fri,11:00,12:00,
MAT185H1S,TUT 08,1,Wed,11:00,12:00,
MAT185H1S,TUT 09,1,Wed,11:00,12:00,
MAT185H1S,TUT 10,1,Wed,11:00,12:00,
MAT186H1S,LEC 01,1,Mon,12:00,13:00,
MAT186H1S,,2,Tue,13:00,14:00,
MAT186H1S,TUT 01,1,Wed,12:00,14:00,
MAT187H1S,LEC 01,1,Mon,10:00,11:00,
MAT187H1S,,2,Tue,11:00,12:00,
MAT187H1S,,3,Thu,10:00,11:00,
MAT187H1S,LEC 02,1,Mon,9:00,10:00,
MAT187H1S,,2,Wed,11:00,12:00,
MAT187H1S,,3,Fri,11:00,12:00,
MAT187H1S,LEC 03,1,Mon,9:00,10:00,
MAT187H1S,,2,Wed,9:00,10:00,
MAT187H1S,,3,Fri,11:00,12:00,
MAT187H1S,LEC 04,1,Mon,10:00,11:00,
MAT187H1S,,2,Tue,11:00,12:00,
MAT187H1S,,3,Thu,10:00,11:00,
MAT187H1S,TUT 01,1,Thu,17:00,18:00,
MAT187H1S,TUT 02,1,Fri,17:00,18:00,
MAT187H1S,TUT 03,1,Wed,17:00,18:00,
MAT187H1S,TUT 04,1,Mon,17:00,18:00,
MAT187H1S,TUT 05,1,Wed,17:00,18:00,
MAT187H1S,TUT 06,1,Tue,15:00,16:00,
MAT187H1S,TUT 07,1,Tue,15:00,16:00,
MAT187H1S,TUT 08,1,Mon,17:00,18:00,
MAT188H1S,LEC 01,1,Mon,18:00,21:00,
MAT188H1S,TUT 01,1,Wed,18:00,20:00,
MAT195H1S,LEC 01,1,Mon,10:00,11:00,
MAT195H1S,,2,Thu,15:00,16:00,
MAT195H1S,,3,Fri,15:00,16:00,
MAT195H1S,LEC 02,1,Mon,15:00,16:00,
MAT195H1S,,2,Wed,14:00,15:00,
MAT195H1S,,3,Fri,14:00,15:00,
MAT195H1S,TUT 01,1,Thu,12:00,13:00,
MAT195H1S,TUT 02,1,Thu,12:00,13:00,
MAT195H1S,TUT 03,1,Thu,12:00,13:00,
MAT195H1S,TUT 04,1,Thu,16:00,17:00,
MAT195H1S,TUT 05,1,Thu,16:00,17:00,
MAT195H1S,TUT 06,1,Thu,13:00,14:00,
MAT195H1S,TUT 07,1,Thu,13:00,14:00,
MAT195H1S,TUT 08,1,Thu,16:00,17:00,
MAT195H1S,TUT 09,1,Thu,16:00,17:00,
MAT195H1S,TUT 10,1,Thu,16:00,17:00,
MAT197H1S,LEC 01,1,Mon,11:00,12:00,
MAT197H1S,,2,Wed,11:00,12:00,
MAT197H1S,,3,Thu,12:00,13:00,
MAT197H1S,LEC 02,1,Tue,10:00,11:00,
MAT197H1S,,2,Wed,10:00,11:00,
MAT197H1S,,3,Fri,10:00,11:00,
MAT197H1S,LEC 03,1,Mon,10:00,11:00,
MAT197H1S,,2,Tue,11:00,12:00,
MAT197H1S,,3,Thu,10:00,11:00,
MAT197H1S,LEC 04,1,Mon,17:00,18:00,
MAT197H1S,,2,Wed,17:00,18:00,
MAT197H1S,,3,Thu,17:00,18:00,
MAT197H1S,TUT 01,1,Thu,14:00,15:00,
MAT197H1S,TUT 02,1,Thu,13:00,14:00,
MAT197H1S,TUT 03,1,Thu,13:00,14:00,
MAT197H1S,TUT 04,1,Thu,13:00,14:00,
MAT197H1S,TUT 05,1,Mon,13:00,14:00,
MAT197H1S,TUT 06,1,Mon,13:00,14:00,
MAT197H1S,TUT 07,1,Mon,13:00,14:00,
MAT197H1S,TUT 08,1,Mon,13:00,14:00,
MAT234H1S,LEC 01,1,Tue,14:00,16:00,
MAT234H1S,,2,Mon,10:00,11:00,
MAT234H1S,LEC 02,1,Tue,14:00,16:00,
MAT234H1S,,2,Mon,10:00,11:00,
MAT234H1S,LEC 03,1,Tue,14:00,16:00,
MAT234H1S,,2,Mon,16:00,17:00,
MAT234H1S,TUT 01,1,Thu,11:00,12:00,
MAT234H1S,,2,Fri,15:00,15:30,
MAT234H1S,TUT 02,1,Thu,12:00,13:00,
MAT234H1S,,2,Fri,15:30,16:00,
MAT234H1S,TUT 03,1,Thu,11:00,12:00,
MAT234H1S,,2,Fri,15:00,15:30,
MAT234H1S,TUT 04,1,Thu,12:00,13:00,
MAT234H1S,,2,Fri,15:30,16:00,
MAT301H1S,LEC 01,1,Wed,18:00,21:00,
MAT336H1S,LEC 01,1,Mon,14:00,15:00,
MAT336H1S,,2,Wed,14:00,16:00,
MAT402H1S,LEC 01,1,Thu,18:00,21:00,
MIE100H1S,LEC 01,1,Tue,15:00,16:00,
MIE100H1S,,2,Thu,15:00,16:00,
MIE100H1S,,3,Fri,15:00,16:00,
MIE100H1S,LEC 02,1,Tue,10:00,11:00,
MIE100H1S,,2,Wed,10:00,11:00,
MIE100H1S,,3,Fri,10:00,11:00,
MIE100H1S,LEC 03,1,Tue,10:00,11:00,
MIE100H1S,,2,Wed,10:00,11:00,
MIE100H1S,,3,Fri,10:00,11:00,
MIE100H1S,LEC 04,1,Mon,9:00,10:00,
MIE100H1S,,2,Wed,9:00,10:00,
MIE100H1S,,3,Fri,11:00,12:00,
MIE100H1S,LEC 05,1,Mon,11:00,12:00,
MIE100H1S,,2,Wed,11:00,12:00,
MIE100H1S,,3,Thu,11:00,12:00,
MIE100H1S,LEC 06,1,Mon,11:00,12:00,
MIE100H1S,,2,Wed,11:00,12:00,
MIE100H1S,,3,Thu,11:00,12:00,
MIE100H1S,TUT 01,1,Mon,16:00,18:00,
MIE100H1S,TUT 02,1,Mon,16:00,18:00,
MIE100H1S,TUT 03,1,Mon,16:00,18:00,
MIE100H1S,TUT 04,1,Tue,16:00,18:00,
MIE100H1S,TUT 05,1,Tue,16:00,18:00,
MIE100H1S,TUT 06,1,Fri,16:00,18:00,
MIE100H1S,TUT 07,1,Fri,16:00,18:00,
MIE100H1S,TUT 08,1,Fri,16:00,18:00,
MIE100H1S,TUT 09,1,Fri,16:00,18:00,
MIE100H1S,TUT 10,1,Fri,16:00,18:00,
MIE191H1S,LEC 01,1,Thu,15:00,16:00,
MIE210H1S,LEC 01,1,Wed,12:00,13:30,
MIE210H1S,,2,Mon,15:00,16:30,
MIE210H1S,LEC 02,1,Wed,15:00,16:30,
MIE210H1S,,2,Mon,12:00,13:30,
MIE210H1S,PRA 01,1,Thu,9:00,12:00,2
MIE210H1S,PRA 02,1,Wed,9:00,12:00,1
MIE210H1S,PRA 03,1,Wed,9:00,12:00,2
MIE210H1S,PRA 04,1,Thu,9:00,12:00,1
MIE210H1S,PRA 05,1,Fri,9:00,12:00,2
MIE210H1S,PRA 06,1,Fri,9:00,12:00,1
MIE210H1S,TUT 01,1,Thu,13:00,14:00,
MIE210H1S,TUT 02,1,Thu,13:00,14:00,
MIE210H1S,TUT 03,1,Wed,15:00,16:00,
MIE210H1S,TUT 04,1,Wed,15:00,16:00,
MIE221H1S,LEC 01,1,Tue,12:00,13:00,
MIE221H1S,,1,Tue,12:00,13:00,
MIE221H1S,,1,Tue,12:00,13:00,
MIE221H1S,,2,Wed,13:00,14:00,
MIE221H1S,,2,Wed,13:00,14:00,
MIE221H1S,,2,Wed,13:00,14:00,
MIE221H1S,,3,Wed,14:00,15:00,
MIE221H1S,,3,Wed,14:00,15:00,
MIE221H1S,,3,Wed,14:00,15:00,
MIE221H1S,LEC 02,1,Mon,11:00,12:00,
MIE221H1S,,1,Mon,11:00,12:00,
MIE221H1S,,1,Mon,11:00,12:00,
MIE221H1S,,2,Tue,16:00,17:00,
MIE221H1S,,2,Tue,16:00,17:00,
MIE221H1S,,2,Tue,16:00,17:00,
MIE221H1S,,3,Mon,12:00,13:00,
MIE221H1S,,3,Mon,12:00,13:00,
MIE221H1S,,3,Mon,12:00,13:00,
MIE221H1S,PRA 01,1,Thu,17:00,19:00,
MIE221H1S,PRA 02,1,Fri,12:00,14:00,
MIE221H1S,PRA 03,1,Thu,14:00,16:00,
MIE221H1S,PRA 04,1,Fri,16:00,18:00,
MIE221H1S,TUT 01,1,Fri,13:00,14:00,
MIE221H1S,TUT 02,1,Thu,14:00,15:00,
MIE221H1S,TUT 03,1,Thu,10:00,11:00,
MIE222H1S,LEC 01,1,Mon,14:00,15:00,
MIE222H1S,,2,Tue,9:00,10:00,
MIE222H1S,,3,Fri,14:00,15:00,
MIE222H1S,PRA 01,1,Fri,9:00,12:00,1
MIE222H1S,,1,Fri,9:00,12:00,1
MIE222H1S,PRA 02,1,Wed,9:00,12:00,1
MIE222H1S,,1,Wed,9:00,12:00,1
MIE222H1S,PRA 03,1,Fri,9:00,12:00,2
MIE222H1S,PRA 04,1,Wed,9:00,12:00,2
MIE222H1S,TUT 01,1,Fri,9:00,12:00,2
MIE222H1S,TUT 02,1,Wed,9:00,12:00,2
MIE222H1S,TUT 03,1,Fri,9:00,12:00,1
MIE222H1S,TUT 04,1,Wed,9:00,12:00,1
MIE237H1S,LEC 01,1,Mon,14:00,15:00,
MIE237H1S,,2,Tue,10:00,12:00,
MIE237H1S,PRA 01,1,Wed,14:00,15:00,
MIE237H1S,PRA 02,1,Mon,13:00,14:00,
MIE237H1S,PRA 03,1,Wed,13:00,14:00,
MIE237H1S,TUT 01,1,Thu,9:00,11:00,
MIE237H1S,TUT 02,1,Fri,11:00,13:00,
MIE240H1S,LEC 01,1,Mon,11:00,12:00,
MIE240H1S,,1,Mon,11:00,12:00,
MIE240H1S,,2,Tue,13:00,14:00,
MIE240H1S,,2,Tue,13:00,14:00,
MIE240H1S,,3,Wed,11:00,12:00,
MIE240H1S,,3,Wed,11:00,12:00,
MIE240H1S,TUT 01,1,Wed,9:00,11:00,
MIE240H1S,TUT 02,1,Wed,9:00,11:00,
MIE240H1S,TUT 03,1,Wed,9:00,11:00,
MIE253H1S,LEC 01,1,Tue,16:00,17:00,
MIE253H1S,,2,Wed,15:00,16:00,
MIE253H1S,,3,Thu,13:00,14:00,
MIE253H1S,PRA 01,1,Mon,15:00,16:00,
MIE253H1S,,1,Mon,15:00,16:00,
MIE253H1S,TUT 01,1,Thu,14:00,15:00,
MIE253H1S,,1,Thu,14:00,15:00,
MIE263H1S,LEC 01,1,Tue,9:00,10:00,
MIE263H1S,,2,Fri,9:00,11:00,
MIE263H1S,TUT 01,1,Fri,13:00,15:00,
MIE263H1S,TUT 02,1,Fri,13:00,15:00,
MIE297H1S,TUT 01,1,Thu,16:00,17:00,
MIE313H1S,LEC 01,1,Mon,11:00,12:00,
MIE313H1S,,2,Wed,10:00,11:00,
MIE313H1S,,3,Thu,16:00,17:00,
MIE313H1S,PRA 01,1,Wed,11:00,13:00,
MIE313H1S,PRA 02,1,Mon,9:00,11:00,
MIE313H1S,PRA 03,1,Fri,10:00,12:00,
MIE313H1S,PRA 04,1,Fri,16:00,18:00,
MIE313H1S,TUT 01,1,Tue,10:00,12:00,
MIE313H1S,TUT 02,1,Wed,11:00,13:00,
MIE315H1S,LEC 01,1,Mon,14:00,15:00,
MIE315H1S,,2,Wed,14:00,15:00,
MIE315H1S,,3,Thu,14:00,15:00,
MIE315H1S,LEC 02,1,Mon,13:00,14:00,
MIE315H1S,,2,Wed,15:00,16:00,
MIE315H1S,,3,Thu,13:00,14:00,
MIE315H1S,TUT 01,1,Wed,13:00,14:00,
MIE315H1S,TUT 02,1,Wed,16:00,17:00,
MIE320H1S,LEC 01,1,Tue,9:00,10:00,
MIE320H1S,,2,Fri,9:00,10:00,
MIE320H1S,,3,Wed,9:00,10:00,
MIE320H1S,PRA 01,1,Thu,17:00,20:00,
MIE320H1S,PRA 02,1,Mon,16:00,19:00,
MIE320H1S,TUT 01,1,Fri,10:00,12:00,
MIE320H1S,TUT 02,1,Fri,15:00,17:00,
MIE331H1S,LEC 01,1,Mon,9:00,11:00,
MIE331H1S,,1,Mon,9:00,11:00,
MIE331H1S,,2,Thu,9:00,10:00,
MIE331H1S,,2,Thu,9:00,10:00,
MIE331H1S,PRA 01,1,Mon,17:00,20:00,
MIE331H1S,PRA 02,1,Wed,18:00,21:00,
MIE331H1S,TUT 01,1,Wed,17:00,18:00,
MIE331H1S,TUT 02,1,Mon,16:00,17:00,
MIE333H1S,LEC 01,1,Mon,13:00,14:00,
MIE333H1S,,2,Wed,15:00,16:00,
MIE333H1S,,3,Thu,13:00,14:00,
MIE333H1S,LEC 02,1,Mon,14:00,15:00,
MIE333H1S,,2,Wed,14:00,15:00,
MIE333H1S,,3,Thu,14:00,15:00,
MIE333H1S,TUT 01,1,Thu,11:00,12:30,
MIE333H1S,TUT 02,1,Thu,11:00,12:30,
MIE335H1S,LEC 01,1,Mon,14:00,15:00,
MIE335H1S,,2,Tue,14:00,15:00,
MIE335H1S,,3,Thu,13:00,14:00,
MIE335H1S,PRA 01,1,Tue,11:00,12:00,
MIE335H1S,PRA 02,1,Tue,12:00,13:00,
MIE335H1S,TUT 01,1,Thu,14:00,15:00,
MIE335H1S,TUT 02,1,Tue,11:00,12:00,
MIE341H1S,LEC 01,1,Mon,15:00,16:00,
MIE341H1S,,2,Thu,15:00,16:00,
MIE341H1S,,3,Tue,13:00,14:00,
MIE341H1S,PRA 01,1,Tue,14:00,18:00,
MIE341H1S,PRA 02,1,Tue,14:00,17:00,
MIE341H1S,PRA 03,1,Tue,14:00,17:00,
MIE341H1S,PRA 04,1,Tue,14:00,17:00,
MIE341H1S,,1,Tue,14:00,17:00,
MIE341H1S,TUT 01,1,Fri,14:00,15:00,
MIE341H1S,TUT 02,1,Fri,14:00,15:00,
MIE341H1S,,1,Fri,14:00,15:00,
MIE344H1S,LEC 01,1,Fri,10:00,11:00,
MIE344H1S,,2,Mon,15:00,17:00,
MIE344H1S,PRA 01,1,Wed,12:00,15:00,
MIE346H1S,LEC 01,1,Tue,12:00,13:00,
MIE346H1S,,2,Fri,15:00,16:00,
MIE346H1S,,3,Fri,16:00,17:00,
MIE346H1S,PRA 01,1,Mon,17:00,20:00,1
MIE346H1S,PRA 02,1,Thu,16:00,19:00,1
MIE346H1S,PRA 03,1,Mon,17:00,20:00,2
MIE346H1S,TUT 01,1,Thu,10:00,11:00,
MIE363H1S,LEC 01,1,Tue,9:00,11:00,
MIE363H1S,,2,Mon,9:00,10:00,
MIE363H1S,TUT 01,1,Thu,10:00,12:00,
MIE364H1S,LEC 01,1,Tue,17:00,18:00,
MIE364H1S,,2,Fri,11:00,13:00,
MIE364H1S,PRA 01,1,Mon,10:00,11:00,
MIE364H1S,PRA 02,1,Wed,11:00,12:00,
MIE364H1S,TUT 01,1,Thu,17:00,19:00,
MIE364H1S,TUT 02,1,Wed,16:00,18:00,
MIE367H1S,LEC 01,1,Mon,15:00,17:00,
MIE367H1S,,2,Wed,12:00,13:00,
MIE367H1S,TUT 01,1,Wed,13:00,15:00,
MIE376H1S,LEC 01,1,Mon,10:00,11:00,
MIE376H1S,,2,Tue,11:00,12:00,
MIE376H1S,,3,Thu,10:00,11:00,
MIE376H1S,PRA 01,1,Tue,15:00,17:00,
MIE376H1S,TUT 01,1,Thu,14:00,15:00,
MIE377H1S,LEC 01,1,Thu,11:00,13:00,
MIE377H1S,,2,Mon,15:00,16:00,
MIE377H1S,PRA 01,1,Thu,15:00,16:00,
MIE377H1S,TUT 01,1,Mon,16:00,17:00,
MIE397Y1Y,TUT 01,1,Thu,18:00,19:00,
MIE402H1S,LEC 01,1,Tue,9:00,10:00,
MIE402H1S,,2,Thu,9:00,10:00,
MIE402H1S,,3,Fri,9:00,10:00,
MIE402H1S,LEC 02,1,,,,
MIE402H1S,PRA 01,1,Thu,12:00,13:00,
MIE402H1S,TUT 01,1,Thu,10:00,12:00,
MIE407H1S,LEC 01,1,Tue,15:00,17:00,
MIE407H1S,,2,Fri,14:00,15:00,
MIE407H1S,TUT 01,1,Fri,15:00,17:00,
MIE408H1S,LEC 01,1,Fri,14:00,16:00,
MIE408H1S,,2,Fri,16:00,17:00,
MIE408H1S,TUT 01,1,Thu,15:00,17:00,
MIE418H1S,LEC 01,1,Tue,10:00,12:00,
MIE418H1S,PRA 01,1,Fri,13:00,16:00,
MIE418H1S,TUT 01,1,Tue,13:00,15:00,
MIE438H1S,LEC 01,1,Mon,9:00,11:00,
MIE438H1S,PRA 01,1,Tue,9:00,12:00,
MIE438H1S,PRA 02,1,Fri,12:00,15:00,
MIE439H1S,LEC 01,1,Tue,13:00,14:00,
MIE439H1S,,2,Tue,14:00,15:00,
MIE439H1S,,3,Fri,13:00,14:00,
MIE439H1S,PRA 01,1,Fri,14:00,16:00,
MIE441H1S,LEC 01,1,Mon,16:00,17:00,
MIE441H1S,,2,Mon,17:00,18:00,
MIE441H1S,,3,Mon,18:00,19:00,
MIE441H1S,PRA 01,1,Thu,16:00,18:00,
MIE443H1S,LEC 01,1,Wed,14:00,16:00,
MIE443H1S,PRA 01,1,Tue,15:00,20:00,
MIE443H1S,PRA 02,1,Thu,9:00,14:00,
MIE457H1S,LEC 01,1,Mon,10:00,11:00,
MIE457H1S,,2,Tue,10:00,11:00,
MIE457H1S,,3,Wed,10:00,11:00,
MIE457H1S,PRA 01,1,Tue,9:00,10:00,
MIE457H1S,TUT 01,1,Thu,11:00,12:00,
MIE459H1S,LEC 01,1,Tue,13:00,15:00,
MIE459H1S,,2,Thu,13:00,15:00,
MIE464H1S,LEC 01,1,Wed,13:00,16:00,
MIE464H1S,PRA 01,1,Tue,15:00,17:00,
MIE468H1S,LEC 01,1,Mon,11:00,12:00,
MIE468H1S,,2font>,Tue,15:00,16:00,
MIE468H1S,,3,Tue,16:00,17:00,
MIE468H1S,TUT 01,1,Thu,15:00,17:00,
MIE469H1S,LEC 01,1,Wed,11:00,12:00,
MIE469H1S,,2,Mon,16:00,18:00,
MIE469H1S,TUT 01,1,Wed,16:00,18:00,
MIE490Y1Y,TUT 01,1,Thu,18:00,20:00,
MIE490Y1Y,,1,Thu,18:00,20:00,
MIE491Y1Y,TUT 01,1,Thu,18:00,20:00,
MIE491Y1Y,,1,Thu,18:00,20:00,
MIE498H1S,TUT 01,1,,,,
MIE498Y1Y,TUT 01,1,,,,
MIE517H1S,LEC 01,1,Wed,11:00,12:00,
MIE517H1S,,2,Wed,12:00,13:00,
MIE517H1S,,3,Fri,11:00,12:00,
MIE517H1S,TUT 01,1,Mon,14:00,15:00,
MIE540H1S,LEC 01,1,Wed,16:00,17:00,
MIE540H1S,,2,Wed,17:00,18:00,
MIE540H1S,,3,Wed,18:00,19:00,
MIE540H1S,TUT 01,1,Thu,18:00,19:00,
MIE542H1S,LEC 01,1,Thu,18:00,19:00,
MIE542H1S,,1,Thu,18:00,19:00,
MIE542H1S,,2,Thu,19:00,20:00,
MIE542H1S,,2,Thu,19:00,20:00,
MIE542H1S,,3,Tue,18:00,19:00,
MIE542H1S,,3,Tue,18:00,19:00,
MIE542H1S,TUT 01,1,Thu,10:00,12:00,
MIE542H1S,,1,Thu,10:00,12:00,
MIE561H1S,LEC 01,1,Tue,12:00,13:00,
MIE561H1S,,2,Mon,12:00,14:00,
MIE561H1S,TUT 01,1,Fri,14:00,16:00,
MIN250H1S,LEC 01,1,Mon,15:00,16:00,
MIN250H1S,,1,Mon,15:00,16:00,
MIN250H1S,,2,Mon,16:00,17:00,
MIN250H1S,,2,Mon,16:00,17:00,
MIN250H1S,,3,Fri,10:00,11:00,
MIN250H1S,,3,Fri,10:00,11:00,
MIN250H1S,TUT 01,1,Fri,11:00,12:00,
MIN250H1S,,1,Fri,11:00,12:00,
MIN320H1S,LEC 01,1,Fri,14:00,15:00,
MIN320H1S,,2,Tue,14:00,16:00,
MIN320H1S,TUT 01,1,Fri,15:00,16:00,
MIN351H1S,LEC 01,1,Wed,10:00,11:00,
MIN351H1S,,2,Wed,11:00,12:00,
MIN351H1S,,3,Fri,10:00,11:00,
MIN351H1S,TUT 01,1,Fri,11:00,12:00,
MIN401H1S,LEC 01,1,Fri,12:00,14:00,
MIN401H1S,,2,Mon,13:00,14:00,
MIN401H1S,TUT 01,1,Mon,14:00,15:00,
MIN430H1S,LEC 01,1,Wed,14:00,17:00,
MIN430H1S,,1,Wed,14:00,17:00,
MIN430H1S,TUT 01,1,Thu,14:00,15:00,
MIN430H1S,,1,Thu,14:00,15:00,
MIN467H1S,LEC 01,1,Wed,13:00,14:00,
MIN467H1S,PRA 01,1,Thu,14:00,18:00,
MIN467H1S,TUT 01,1,Wed,14:00,15:00,
MIN470H1S,LEC 01,1,Wed,11:00,13:00,
MIN470H1S,,2,Thu,9:00,10:00,
MIN470H1S,TUT 01,1,Thu,10:00,11:00,
MIN540H1S,LEC 01,1,Mon,10:00,11:00,
MIN540H1S,,2,Thu,11:00,13:00,
MIN540H1S,TUT 01,1,Thu,13:00,14:00,
MIN565H1S,LEC 01,1,Mon,15:00,17:00,
MIN565H1S,,2,Wed,15:00,16:00,
MIN565H1S,TUT 01,1,Wed,16:00,17:00,
MSE101H1S,LEC 01,1,Mon,9:00,10:00,
MSE101H1S,,2,Wed,9:00,10:00,
MSE101H1S,,3,Fri,11:00,12:00,
MSE101H1S,LEC 02,1,Mon,11:00,12:00,
MSE101H1S,,2,Tue,10:00,11:00,
MSE101H1S,,3,Thu,11:00,12:00,
MSE101H1S,PRA 01,1,Thu,14:00,17:00,
MSE101H1S,PRA 02,1,Thu,14:00,17:00,
MSE101H1S,PRA 03,1,Thu,14:00,17:00,
MSE101H1S,PRA 04,1,Thu,14:00,17:00,
MSE101H1S,PRA 05,1,Fri,14:00,17:00,
MSE101H1S,PRA 06,1,Fri,14:00,17:00,
MSE101H1S,PRA 07,1,Fri,14:00,17:00,
MSE101H1S,PRA 08,1,Fri,14:00,17:00,
MSE101H1S,TUT 01,1,Tue,17:00,18:00,
MSE101H1S,TUT 02,1,Tue,17:00,18:00,
MSE101H1S,TUT 03,1,Tue,17:00,18:00,
MSE101H1S,TUT 04,1,Tue,17:00,18:00,
MSE101H1S,TUT 05,1,Tue,17:00,18:00,
MSE101H1S,TUT 06,1,Tue,17:00,18:00,
MSE160H1S,LEC 01,1,Mon,14:00,15:00,
MSE160H1S,,1,Mon,14:00,15:00,
MSE160H1S,,2,font size=2>Wed,13:00,14:00,
MSE160H1S,,2,Wed,13:00,14:00,
MSE160H1S,,3,Fri,16:00,17:00,
MSE160H1S,,3,Fri,16:00,17:00,
MSE160H1S,TUT 01,1,Wed,15:00,16:00,
MSE160H1S,TUT 02,1,Wed,14:00,15:00,
MSE160H1S,TUT 03,1,Thu,16:00,17:00,
MSE160H1S,TUT 04,1,Tue,14:00,15:00,
MSE217H1S,LEC 01,1,Thu,9:00,11:00,
MSE217H1S,,2,Mon,13:00,14:00,
MSE217H1S,TUT 01,1,Fri,13:00,15:00,
MSE235H1S,LEC 01,1,Tue,15:00,16:00,
MSE235H1S,,2,Wed,14:00,15:00,
MSE235H1S,,3,Fri,9:00,10:00,
MSE235H1S,TUT 01,1,Fri,10:00,11:00,
MSE235H1S,TUT 02,1,Fri,10:00,11:00,
MSE238H1S,LEC 01,1,Mon,11:00,12:00,
MSE238H1S,,2,Thu,13:00,14:00,
MSE238H1S,,3,Thu,14:00,15:00,
MSE238H1S,TUT 01,1,Wed,11:00,12:00,
MSE238H1S,,2,Wed,15:00,16:00,
MSE245H1S,LEC 01,1,Tue,14:00,15:00,
MSE245H1S,,2,Mon,15:00,17:00,
MSE245H1S,PRA 01,1,Tue,10:00,13:00,
MSE245H1S,,1,Tue,10:00,13:00,
MSE245H1S,TUT 01,1,Wed,16:00,17:00,
MSE250H1S,LEC 01,1,Wed,15:00,16:00,
MSE250H1S,,2,Thu,13:00,14:00,
MSE250H1S,PRA 01,1,Thu,14:00,16:00,
MSE250H1S,TUT 01,1,Wed,11:00,12:00,
MSE290H1S,LEC 01,1,Mon,9:00,10:00,
MSE290H1S,,1,Mon,9:00,10:00,
MSE290H1S,TUT 01,1,Mon,10:00,11:00,
MSE290H1S,TUT 02,1,Mon,10:00,11:00,
MSE301H1S,LEC 01,1,Thu,9:00,11:00,
MSE301H1S,,2,Mon,15:00,16:00,
MSE301H1S,PRA 01,1,Thu,15:00,18:00,2
MSE301H1S,TUT 01,1,Mon,16:00,17:00,
MSE315H1S,LEC 01,1,Mon,10:00,12:00,
MSE315H1S,,2,Wed,9:00,10:00,
MSE315H1S,TUT 01,1,Wed,10:00,12:00,
MSE316H1S,LEC 01,1,Thu,13:00,15:00,
MSE316H1S,,2,Wed,14:00,15:00,
MSE316H1S,PRA 01,1,Tue,10:00,13:00,2
MSE316H1S,PRA 02,1,Tue,10:00,13:00,1
MSE316H1S,TUT 01,1,Mon,14:00,15:00,
MSE351H1S,LEC 01,1,Tue,15:00,16:00,
MSE351H1S,,2,Tue,16:00,17:00,
MSE351H1S,,3,Mon,15:00,16:00,
MSE351H1S,PRA 01,1,Thu,10:00,12:00,
MSE351H1S,TUT 01,1,Tue,14:00,15:00,
MSE352H1S,LEC 01,1,Mon,9:00,10:00,
MSE352H1S,,1,Mon,9:00,10:00,
MSE352H1S,,2,Wed,10:00,11:00,
MSE352H1S,,2,Wed,10:00,11:00,
MSE352H1S,,3,Thu,11:00,12:00,
MSE352H1S,,3,Thu,11:00,12:00,
MSE352H1S,TUT 01,1,Wed,11:00,12:00,
MSE354H1S,LEC 01,1,Fri,13:00,14:00,
MSE354H1S,,2,Wed,13:00,14:00,
MSE354H1S,TUT 01,1,Fri,14:00,15:00,
MSE355H1S,LEC 01,1,Wed,15:00,16:00,
MSE355H1S,,2,Fri,10:00,11:00,
MSE355H1S,TUT 01,1,Fri,11:00,12:00,
MSE358H1S,LEC 01,1,Tue,13:00,14:00,
MSE358H1S,,2,Thu,10:00,11:00,
MSE358H1S,,3,Mon,11:00,12:00,
MSE358H1S,PRA 01,1,Fri,14:00,17:00,
MSE358H1S,TUT 01,1,Thu,12:00,13:00,
MSE408H1S,LEC 01,1,Mon,13:00,15:00,
MSE408H1S,,2,Fri,9:00,10:00,
MSE408H1S,TUT 01,1,Thu,11:00,12:00,
MSE421H1S,LEC 01,1,Thu,13:00,15:00,
MSE421H1S,,2,Fri,14:00,15:00,
MSE421H1S,TUT 01,1,Wed,11:00,13:00,
MSE431H1S,LEC 01,1,Mon,17:00,20:00,
MSE431H1S,TUT 01,1,Fri,10:00,11:00,
MSE442H1S,LEC 01,1,Mon,15:00,17:00,
MSE442H1S,,2,Thu,15:00,16:00,
MSE442H1S,TUT 01,1,Thu,16:00,17:00,
MSE462H1S,LEC 01,1,Thu,14:00,16:00,
MSE462H1S,TUT 01,1,Mon,15:00,16:00,
MSE498Y1Y,PRA 01,1,,,,
MSE498Y1Y,,1,,,,
MSE558H1S,LEC 01,1,Wed,14:00,16:00,
MSE558H1S,,2,Fri,12:00,13:00,
MSE558H1S,PRA 01,1,Wed,16:00,17:30,1
MSE558H1S,TUT 01,1,Fri,13:00,14:00,
PCL201H1S,LEC 01,1,Mon,16:00,17:00,
PCL201H1S,,2,Wed,16:00,18:00,
PCL201H1S,,3,Thu,10:00,11:00,
PCL201H1S,TUT 01,1,Wed,17:00,18:00,
PEY500H1S,LEC 01,1,,,,
PEY500Y1S,LEC 01,1,,,,
PEY500Y1Y,LEC 01,1,,,,
PHY294H1S,LEC 01,1,Tue,9:00,10:00,
PHY294H1S,,2,Thu,15:00,16:00,
PHY294H1S,,3,Fri,10:00,11:00,
PHY294H1S,LEC 02,1,Wed,9:00,10:00,
PHY294H1S,,2,Thu,14:00,15:00,
PHY294H1S,,3,Tue,12:00,13:00,
PHY294H1S,PRA 01,1,Wed,9:00,12:00,
PHY294H1S,PRA 02,1,Wed,9:00,12:00,
PHY294H1S,PRA 03,1,Wed,14:00,17:00,
PHY294H1S,PRA 04,1,Wed,14:00,17:00,
PHY294H1S,TUT 01,1,Thu,13:00,14:00,
PHY294H1S,TUT 02,1,Thu,13:00,14:00,
PHY294H1S,TUT 03,1,Thu,13:00,14:00,
PHY294H1S,TUT 04,1,Thu,13:00,14:00,
PHY294H1S,TUT 05,1,Thu,11:00,12:00,
PHY294H1S,TUT 06,1,Thu,11:00,12:00,
PHY294H1S,TUT 07,1,Thu,11:00,12:00,
PHY294H1S,TUT 08,1,Thu,11:00,12:00,
PHY327H1S,PRA 01,1,Tue,9:00,12:00,
PHY327H1S,,2,Fri,10:00,13:00,
PHY335H1S,LEC 01,1,Fri,11:00,12:00,
PHY335H1S,,2,Thu,9:00,10:00,
PHY335H1S,TUT 01,1,Mon,17:00,18:00,
PHY354H1S,LEC 01,1,Mon,15:00,16:00,
PHY354H1S,,2,Fri,13:00,14:00,
PHY354H1S,TUT 01,1,Mon,16:00,17:00,
PHY354H1S,TUT 02,1,Wed,16:00,17:00,
PHY357H1S,LEC 01,1,Mon,10:00,11:00,
PHY357H1S,,2,Thu,16:00,17:00,
PHY357H1S,,3,Thu,12:00,13:00,
PHY358H1S,LEC 01,1,Mon,14:00,15:00,
PHY358H1S,,2,Thu,11:00,12:00,
PHY358H1S,,3,Wed,14:00,15:00,
PHY392H1S,LEC 01,1,Mon,13:00,14:00,
PHY392H1S,,2,Wed,13:00,14:00,
PHY395H1S,LEC 01,1,Tue,12:00,13:00,
PHY395H1S,,2,Thu,12:00,13:00,
PHY408H1S,LEC 01,1,Wed,10:00,12:00,
PHY408H1S,,2,Thu,14:00,15:00,
PHY427H1S,PRA 01,1,Tue,9:00,12:00,
PHY427H1S,,2,Fri,10:00,13:00,
PHY428H1S,PRA 01,1,Tue,9:00,12:00,
PHY428H1S,,2,Fri,10:00,13:00,
PHY452H1S,LEC 01,1,Tue,10:00,11:00,
PHY452H1S,,2,Thu,10:00,11:00,
PHY460H1S,LEC 01,1,Mon,13:00,14:00,
PHY460H1S,,2,Wed,13:00,14:00,
PHY460H1S,,3,Wed,17:00,18:00,
PHY484H1S,LEC 01,1,Mon,16:00,18:00,
PHY493H1S,LEC 01,1,Mon,15:00,16:00,
PHY493H1S,,2,Fri,15:00,16:00,
PHY494H1S,LEC 01,1,,,,
PHY494H1S,,2,,,,
RSM432H1S,LEC 01,1,Thu,15:00,17:00,
RSM434H1S,LEC 01,1,Mon,15:00,17:00,
STA286H1S,LEC 01,1,Mon,14:00,15:00,
STA286H1S,,2,Thu,14:00,15:00,
STA286H1S,,3,Fri,11:00,12:00,
STA286H1S,LEC 02,1,Tue,9:00,10:00,
STA286H1S,,2,Wed,10:00,11:00,
STA286H1S,,3,Thu,13:00,14:00,
STA286H1S,TUT 01,1,Mon,13:00,14:00,
STA286H1S,TUT 02,1,Mon,13:00,14:00,
STA286H1S,TUT 03,1,Thu,17:00,18:00,
STA286H1S,TUT 04,1,Wed,13:00,14:00,
STA286H1S,TUT 05,1,Mon,14:00,15:00,
STA286H1S,TUT 06,1,Fri,10:00,11:00,
STA286H1S,TUT 07,1,Tue,13:00,14:00,
STA286H1S,TUT 08,1,Tue,13:00,14:00,
STA447H1S,LEC 01,1,Thu,18:00,21:00,
